train/loss,step,train/time_per_it,val/logp,val/nfe,val/time_per_it,train/total_time
1.2070662,0,,,,,
0.93492675,50,,,,,
1.0393753,100,,,,,
0.902053,150,,,,,
0.93972653,200,,,,,
0.9145785,250,,,,,
0.99312294,300,,,,,
0.88714117,350,,,,,
0.96988887,400,,,,,
0.87065935,450,,,,,
0.9804535,500,,,,,
0.87050724,550,,,,,
0.9072393,600,,,,,
0.73069775,650,,,,,
0.8525233,700,,,,,
0.7989776,750,,,,,
0.79956543,800,,,,,
0.8771784,850,,,,,
0.8484982,900,,,,,
0.76505375,950,,,,,
0.8026542,1000,,,,,
0.8128983,1050,,,,,
0.857504,1100,,,,,
0.8038385,1150,,,,,
0.7710098,1200,,,,,
0.7797495,1250,,,,,
0.75047237,1300,,,,,
0.7185441,1350,,,,,
0.84339535,1400,,,,,
0.74542034,1450,,,,,
0.7741376,1500,,,,,
0.806485,1550,,,,,
0.9445467,1600,,,,,
0.91853005,1650,,,,,
0.7641198,1700,,,,,
0.733719,1750,,,,,
0.86046207,1800,,,,,
0.79380214,1850,,,,,
0.8323767,1900,,,,,
0.8636152,1950,,,,,
0.76847756,2000,,,,,
0.8137331,2050,,,,,
0.795529,2100,,,,,
0.7401254,2150,,,,,
0.8274174,2200,,,,,
0.76393044,2250,,,,,
0.7908101,2300,,,,,
0.8471357,2350,,,,,
0.88881254,2400,,,,,
0.8518816,2450,,,,,
0.6892046,2500,,,,,
0.7885615,2550,,,,,
0.8580338,2600,,,,,
0.7729671,2650,,,,,
0.75702864,2700,,,,,
0.88404644,2750,,,,,
0.868446,2800,,,,,
0.7249046,2850,,,,,
0.8179338,2900,,,,,
0.6625042,2950,,,,,
0.7134847,3000,,,,,
0.80489135,3050,,,,,
0.8108418,3100,,,,,
0.73290193,3150,,,,,
0.76125956,3200,,,,,
0.76113206,3250,,,,,
0.8319323,3300,,,,,
0.7156264,3350,,,,,
0.96187073,3400,,,,,
0.8041827,3450,,,,,
0.7324569,3500,,,,,
0.7404261,3550,,,,,
0.89637,3600,,,,,
0.821216,3650,,,,,
0.9024532,3700,,,,,
0.8606371,3750,,,,,
0.7326567,3800,,,,,
0.8928672,3850,,,,,
0.7564155,3900,,,,,
0.72793776,3950,,,,,
0.8613622,4000,,,,,
1.0226495,4050,,,,,
0.91787934,4100,,,,,
0.779637,4150,,,,,
0.8072283,4200,,,,,
0.8484291,4250,,,,,
0.82816815,4300,,,,,
0.8417578,4350,,,,,
0.74046826,4400,,,,,
0.7470458,4450,,,,,
0.6615328,4500,,,,,
0.71422756,4550,,,,,
0.88277614,4600,,,,,
0.81247866,4650,,,,,
0.7639433,4700,,,,,
0.8337466,4750,,,,,
0.8040637,4800,,,,,
0.7833157,4850,,,,,
0.8561848,4900,,,,,
0.81189126,4950,,,,,
0.84201616,5000,,,,,
0.8262774,5050,,,,,
0.7437917,5100,,,,,
0.8647222,5150,,,,,
0.8380707,5200,,,,,
0.74830747,5250,,,,,
0.6731099,5300,,,,,
0.747324,5350,,,,,
0.7676184,5400,,,,,
0.7734246,5450,,,,,
0.85791785,5500,,,,,
0.8081738,5550,,,,,
0.7207792,5600,,,,,
0.73681444,5650,,,,,
0.76519114,5700,,,,,
0.8342291,5750,,,,,
0.8359452,5800,,,,,
0.7864041,5850,,,,,
0.7815743,5900,,,,,
0.70834947,5950,,,,,
0.80756545,6000,,,,,
0.70355356,6050,,,,,
0.84621626,6100,,,,,
0.87509054,6150,,,,,
0.86514765,6200,,,,,
0.806431,6250,,,,,
0.81152457,6300,,,,,
0.70600724,6350,,,,,
0.7583424,6400,,,,,
0.79917586,6450,,,,,
0.89465666,6500,,,,,
0.727784,6550,,,,,
0.7845747,6600,,,,,
0.7985712,6650,,,,,
0.7609623,6700,,,,,
0.77729976,6750,,,,,
0.83818346,6800,,,,,
0.7727256,6850,,,,,
0.8394972,6900,,,,,
0.6629625,6950,,,,,
0.73275876,7000,,,,,
0.82187545,7050,,,,,
0.7850157,7100,,,,,
0.82908916,7150,,,,,
0.7853998,7200,,,,,
0.8450198,7250,,,,,
0.82384837,7300,,,,,
0.90241253,7350,,,,,
0.78727794,7400,,,,,
0.8273308,7450,,,,,
0.72940046,7500,,,,,
0.7229978,7550,,,,,
0.79115367,7600,,,,,
0.84370553,7650,,,,,
0.8158786,7700,,,,,
0.72888935,7750,,,,,
0.7134313,7800,,,,,
0.81366605,7850,,,,,
0.8120562,7900,,,,,
0.86005485,7950,,,,,
0.7543242,8000,,,,,
0.8074182,8050,,,,,
0.8382626,8100,,,,,
0.80633354,8150,,,,,
0.8328639,8200,,,,,
0.8087409,8250,,,,,
0.70175993,8300,,,,,
0.7486596,8350,,,,,
0.76436955,8400,,,,,
0.7033247,8450,,,,,
0.90673214,8500,,,,,
0.8304748,8550,,,,,
0.7346958,8600,,,,,
0.7611465,8650,,,,,
0.77924967,8700,,,,,
0.928285,8750,,,,,
0.7454258,8800,,,,,
0.7526027,8850,,,,,
0.77305377,8900,,,,,
0.74089074,8950,,,,,
0.8146487,9000,,,,,
0.77381945,9050,,,,,
0.9158554,9100,,,,,
0.6622269,9150,,,,,
0.79974896,9200,,,,,
0.76006323,9250,,,,,
0.7744121,9300,,,,,
0.6814647,9350,,,,,
0.8238127,9400,,,,,
0.86843085,9450,,,,,
0.76860106,9500,,,,,
0.81012666,9550,,,,,
0.74503267,9600,,,,,
0.8461927,9650,,,,,
0.9821255,9700,,,,,
0.72649753,9750,,,,,
0.7269281,9800,,,,,
0.8329538,9850,,,,,
0.8059256,9900,,,,,
0.7462135,9950,,,,,
0.804433,10000,,,,,
,10000,0.010559502068907023,,,,
,10000,,-0.48584762,,,
,10000,,,71.0,,
,10000,,,,5.0484908521175385,
0.76043695,10050,,,,,
0.80153745,10100,,,,,
0.7334507,10150,,,,,
0.78602505,10200,,,,,
0.76518905,10250,,,,,
0.8366896,10300,,,,,
0.6857551,10350,,,,,
0.80850047,10400,,,,,
0.80579793,10450,,,,,
0.7479491,10500,,,,,
0.8006369,10550,,,,,
0.8074518,10600,,,,,
0.7851646,10650,,,,,
0.74157786,10700,,,,,
0.80622834,10750,,,,,
0.79324985,10800,,,,,
0.7841598,10850,,,,,
0.7765614,10900,,,,,
0.8154764,10950,,,,,
0.70652515,11000,,,,,
0.89058596,11050,,,,,
0.87336457,11100,,,,,
0.8296571,11150,,,,,
0.74473464,11200,,,,,
0.762668,11250,,,,,
0.7500322,11300,,,,,
0.73108387,11350,,,,,
0.7246057,11400,,,,,
0.80896515,11450,,,,,
0.82819057,11500,,,,,
0.8231879,11550,,,,,
0.7684307,11600,,,,,
0.7108284,11650,,,,,
0.8369987,11700,,,,,
0.83536106,11750,,,,,
0.7546936,11800,,,,,
0.6880063,11850,,,,,
0.806391,11900,,,,,
0.83026,11950,,,,,
0.7407838,12000,,,,,
0.71810454,12050,,,,,
0.7212421,12100,,,,,
0.76704776,12150,,,,,
0.7790576,12200,,,,,
0.75265646,12250,,,,,
0.86648476,12300,,,,,
0.8160069,12350,,,,,
0.7258568,12400,,,,,
0.7808531,12450,,,,,
0.6721432,12500,,,,,
0.7590782,12550,,,,,
0.8174276,12600,,,,,
0.83155036,12650,,,,,
0.7929211,12700,,,,,
0.8619645,12750,,,,,
0.8044956,12800,,,,,
0.7816762,12850,,,,,
0.84327406,12900,,,,,
0.78511405,12950,,,,,
0.8552362,13000,,,,,
0.8174346,13050,,,,,
0.8040458,13100,,,,,
0.8446239,13150,,,,,
0.8791244,13200,,,,,
0.89065695,13250,,,,,
0.7717626,13300,,,,,
0.67725194,13350,,,,,
0.75258553,13400,,,,,
0.7030082,13450,,,,,
0.8286871,13500,,,,,
0.8436407,13550,,,,,
0.7621558,13600,,,,,
0.80209583,13650,,,,,
0.75912374,13700,,,,,
0.71527135,13750,,,,,
0.76353294,13800,,,,,
0.6654704,13850,,,,,
0.9430928,13900,,,,,
0.7374481,13950,,,,,
0.7978288,14000,,,,,
0.7386922,14050,,,,,
0.8415705,14100,,,,,
0.8336052,14150,,,,,
0.7452487,14200,,,,,
0.90295064,14250,,,,,
0.76405,14300,,,,,
0.7052374,14350,,,,,
0.69009435,14400,,,,,
0.844632,14450,,,,,
0.8440753,14500,,,,,
0.74269164,14550,,,,,
0.72923076,14600,,,,,
0.7930012,14650,,,,,
0.79359514,14700,,,,,
0.74948025,14750,,,,,
0.75479364,14800,,,,,
0.8671868,14850,,,,,
0.8646191,14900,,,,,
0.8485598,14950,,,,,
0.758396,15000,,,,,
0.7817402,15050,,,,,
0.8141539,15100,,,,,
0.6984645,15150,,,,,
0.8552983,15200,,,,,
0.7508496,15250,,,,,
0.73480403,15300,,,,,
0.7347486,15350,,,,,
0.8032609,15400,,,,,
0.84602463,15450,,,,,
0.7926805,15500,,,,,
0.68093014,15550,,,,,
0.85947347,15600,,,,,
0.91919863,15650,,,,,
0.78405607,15700,,,,,
0.73924756,15750,,,,,
0.83189213,15800,,,,,
0.7387055,15850,,,,,
0.75030315,15900,,,,,
0.68878233,15950,,,,,
0.6866058,16000,,,,,
0.7454924,16050,,,,,
0.79275584,16100,,,,,
0.7973428,16150,,,,,
0.78708184,16200,,,,,
0.6578691,16250,,,,,
0.9254618,16300,,,,,
0.8189621,16350,,,,,
0.7132753,16400,,,,,
0.7890156,16450,,,,,
0.77160406,16500,,,,,
0.8553194,16550,,,,,
0.75789446,16600,,,,,
0.7683495,16650,,,,,
0.73993343,16700,,,,,
0.84324104,16750,,,,,
0.78697366,16800,,,,,
0.7802353,16850,,,,,
0.84890866,16900,,,,,
0.75385964,16950,,,,,
0.7221051,17000,,,,,
0.8409091,17050,,,,,
0.74625766,17100,,,,,
0.853732,17150,,,,,
0.7685133,17200,,,,,
0.7983189,17250,,,,,
0.65472806,17300,,,,,
0.83909756,17350,,,,,
0.8115645,17400,,,,,
0.6879989,17450,,,,,
0.71223605,17500,,,,,
0.7530073,17550,,,,,
0.72742265,17600,,,,,
0.68172026,17650,,,,,
0.8220492,17700,,,,,
0.75581706,17750,,,,,
0.7672937,17800,,,,,
0.76858497,17850,,,,,
0.7252834,17900,,,,,
0.7370722,17950,,,,,
0.7472633,18000,,,,,
0.75797296,18050,,,,,
0.86380696,18100,,,,,
0.80114007,18150,,,,,
0.7713139,18200,,,,,
0.8211342,18250,,,,,
0.799821,18300,,,,,
0.79487795,18350,,,,,
0.8299638,18400,,,,,
0.8432068,18450,,,,,
0.77937436,18500,,,,,
0.83152163,18550,,,,,
0.75380373,18600,,,,,
0.83684456,18650,,,,,
0.772001,18700,,,,,
0.8324197,18750,,,,,
0.8326758,18800,,,,,
0.8576699,18850,,,,,
0.7506383,18900,,,,,
0.6984852,18950,,,,,
0.73298967,19000,,,,,
0.72168434,19050,,,,,
0.71696496,19100,,,,,
0.8205627,19150,,,,,
0.87384987,19200,,,,,
0.7327976,19250,,,,,
0.84394246,19300,,,,,
0.77873075,19350,,,,,
0.7326338,19400,,,,,
0.8314053,19450,,,,,
0.73387176,19500,,,,,
0.7106689,19550,,,,,
0.76822203,19600,,,,,
0.7239445,19650,,,,,
0.8469478,19700,,,,,
0.81460214,19750,,,,,
0.7125574,19800,,,,,
0.9099429,19850,,,,,
0.75740516,19900,,,,,
0.86310077,19950,,,,,
0.73611784,20000,,,,,
,20000,0.010366348369792104,,,,
,20000,,-0.31369013,,,
,20000,,,86.0,,
,20000,,,,3.957815982401371,
0.7217102,20050,,,,,
0.7296073,20100,,,,,
0.79108864,20150,,,,,
0.82684463,20200,,,,,
0.83715177,20250,,,,,
0.7506875,20300,,,,,
0.70269555,20350,,,,,
0.7563144,20400,,,,,
0.84376436,20450,,,,,
0.63727903,20500,,,,,
0.798982,20550,,,,,
0.7874334,20600,,,,,
0.6916368,20650,,,,,
0.7155966,20700,,,,,
0.82238585,20750,,,,,
0.6893798,20800,,,,,
0.7059501,20850,,,,,
0.811013,20900,,,,,
0.7923849,20950,,,,,
0.7085519,21000,,,,,
0.66508186,21050,,,,,
0.821457,21100,,,,,
0.8389472,21150,,,,,
0.8217764,21200,,,,,
0.726069,21250,,,,,
0.70795643,21300,,,,,
0.8441437,21350,,,,,
0.7885246,21400,,,,,
0.77058625,21450,,,,,
0.7902514,21500,,,,,
0.7757069,21550,,,,,
0.75365466,21600,,,,,
0.75559783,21650,,,,,
0.711756,21700,,,,,
0.8294476,21750,,,,,
0.94961226,21800,,,,,
0.8520831,21850,,,,,
0.7000785,21900,,,,,
0.75406915,21950,,,,,
0.63691294,22000,,,,,
0.75332737,22050,,,,,
0.74110705,22100,,,,,
0.7080641,22150,,,,,
0.82069623,22200,,,,,
0.69914955,22250,,,,,
0.7634542,22300,,,,,
0.79505026,22350,,,,,
0.651381,22400,,,,,
0.82255334,22450,,,,,
0.7352042,22500,,,,,
0.72693926,22550,,,,,
0.83725536,22600,,,,,
0.79308474,22650,,,,,
0.7461809,22700,,,,,
0.8835123,22750,,,,,
0.76856637,22800,,,,,
0.6744226,22850,,,,,
0.7757184,22900,,,,,
0.7722474,22950,,,,,
0.8820931,23000,,,,,
0.9208392,23050,,,,,
0.7363761,23100,,,,,
0.75458556,23150,,,,,
0.8857288,23200,,,,,
0.8013921,23250,,,,,
0.703013,23300,,,,,
0.80041385,23350,,,,,
0.8341838,23400,,,,,
0.89903176,23450,,,,,
0.79812694,23500,,,,,
0.71664476,23550,,,,,
0.81906617,23600,,,,,
0.83676356,23650,,,,,
0.7014436,23700,,,,,
0.84793246,23750,,,,,
0.8373702,23800,,,,,
0.72375286,23850,,,,,
0.8071327,23900,,,,,
0.79136753,23950,,,,,
0.68320745,24000,,,,,
0.8610083,24050,,,,,
0.66500276,24100,,,,,
0.70846665,24150,,,,,
0.64900106,24200,,,,,
0.77385485,24250,,,,,
0.84728837,24300,,,,,
0.86711735,24350,,,,,
0.71646845,24400,,,,,
0.8016289,24450,,,,,
0.7364679,24500,,,,,
0.69298285,24550,,,,,
0.78222066,24600,,,,,
0.7421636,24650,,,,,
0.75900805,24700,,,,,
0.84909797,24750,,,,,
0.8560273,24800,,,,,
0.72041893,24850,,,,,
0.7219236,24900,,,,,
0.8310485,24950,,,,,
0.77795994,25000,,,,,
0.7654186,25050,,,,,
0.762048,25100,,,,,
0.78674006,25150,,,,,
0.7953441,25200,,,,,
0.8500402,25250,,,,,
0.8045193,25300,,,,,
0.8143387,25350,,,,,
0.7373002,25400,,,,,
0.7745092,25450,,,,,
0.8729141,25500,,,,,
0.82187784,25550,,,,,
0.8381245,25600,,,,,
0.686929,25650,,,,,
0.7475716,25700,,,,,
0.883382,25750,,,,,
0.74926573,25800,,,,,
0.75535893,25850,,,,,
0.860285,25900,,,,,
0.6656919,25950,,,,,
0.7410142,26000,,,,,
0.80485976,26050,,,,,
0.8020129,26100,,,,,
0.76009953,26150,,,,,
0.8286518,26200,,,,,
0.7874311,26250,,,,,
0.7680398,26300,,,,,
0.63787293,26350,,,,,
0.72464657,26400,,,,,
0.8041867,26450,,,,,
0.74686337,26500,,,,,
0.60987973,26550,,,,,
0.6914933,26600,,,,,
0.7759783,26650,,,,,
0.7249223,26700,,,,,
0.87061733,26750,,,,,
0.7552006,26800,,,,,
0.78525233,26850,,,,,
0.7512318,26900,,,,,
0.772718,26950,,,,,
0.7276577,27000,,,,,
0.70797914,27050,,,,,
0.74645126,27100,,,,,
0.6864556,27150,,,,,
0.73357105,27200,,,,,
0.7492018,27250,,,,,
0.7752977,27300,,,,,
0.762142,27350,,,,,
0.8030833,27400,,,,,
0.8813791,27450,,,,,
0.7971443,27500,,,,,
0.8932296,27550,,,,,
0.7031275,27600,,,,,
0.80533445,27650,,,,,
0.69455016,27700,,,,,
0.6905434,27750,,,,,
0.80545133,27800,,,,,
0.7769682,27850,,,,,
0.84593344,27900,,,,,
0.7991843,27950,,,,,
0.9096969,28000,,,,,
0.82032895,28050,,,,,
0.88844454,28100,,,,,
0.8356701,28150,,,,,
0.7405188,28200,,,,,
0.64873016,28250,,,,,
0.73167914,28300,,,,,
0.7650318,28350,,,,,
0.7141705,28400,,,,,
0.8710136,28450,,,,,
0.73451686,28500,,,,,
0.7814364,28550,,,,,
0.6985378,28600,,,,,
0.82037836,28650,,,,,
0.70559275,28700,,,,,
0.80781573,28750,,,,,
0.7516308,28800,,,,,
0.7933391,28850,,,,,
0.7492526,28900,,,,,
0.71438944,28950,,,,,
0.75635755,29000,,,,,
0.82430094,29050,,,,,
0.8046948,29100,,,,,
0.7802211,29150,,,,,
0.7130511,29200,,,,,
0.7762208,29250,,,,,
0.8276373,29300,,,,,
0.8833113,29350,,,,,
0.8655369,29400,,,,,
0.7570106,29450,,,,,
0.77590084,29500,,,,,
0.73955894,29550,,,,,
0.78599274,29600,,,,,
0.8635831,29650,,,,,
0.73465717,29700,,,,,
0.7188183,29750,,,,,
0.73206913,29800,,,,,
0.7352054,29850,,,,,
0.70388466,29900,,,,,
0.7698616,29950,,,,,
0.8994348,30000,,,,,
,30000,0.010359938329458238,,,,
,30000,,-0.23217624,,,
,30000,,,92.0,,
,30000,,,,3.971753519028425,
0.8037026,30050,,,,,
0.8936862,30100,,,,,
0.7810919,30150,,,,,
0.760679,30200,,,,,
0.7515727,30250,,,,,
0.78550327,30300,,,,,
0.8350187,30350,,,,,
0.7868803,30400,,,,,
0.8273461,30450,,,,,
0.78326416,30500,,,,,
0.87473935,30550,,,,,
0.7237805,30600,,,,,
0.7233708,30650,,,,,
0.7384528,30700,,,,,
0.83065164,30750,,,,,
0.72372746,30800,,,,,
0.7236112,30850,,,,,
0.7422405,30900,,,,,
0.80704206,30950,,,,,
0.8350865,31000,,,,,
0.78835833,31050,,,,,
0.8551202,31100,,,,,
0.6922916,31150,,,,,
0.7545831,31200,,,,,
0.74706984,31250,,,,,
0.7425786,31300,,,,,
0.7576399,31350,,,,,
0.8466424,31400,,,,,
0.7940141,31450,,,,,
0.78139675,31500,,,,,
0.8002036,31550,,,,,
0.74626935,31600,,,,,
0.73212755,31650,,,,,
0.8587604,31700,,,,,
0.83164686,31750,,,,,
0.7354095,31800,,,,,
0.67496824,31850,,,,,
0.77945113,31900,,,,,
0.72916996,31950,,,,,
0.6860745,32000,,,,,
0.8712094,32050,,,,,
0.7872941,32100,,,,,
0.8330592,32150,,,,,
0.82437915,32200,,,,,
0.70920753,32250,,,,,
0.82787746,32300,,,,,
0.7809369,32350,,,,,
0.78941905,32400,,,,,
0.7015196,32450,,,,,
0.7839823,32500,,,,,
0.7554864,32550,,,,,
0.8331237,32600,,,,,
0.7606567,32650,,,,,
0.77602565,32700,,,,,
0.7974658,32750,,,,,
0.82854307,32800,,,,,
0.7831006,32850,,,,,
0.9006475,32900,,,,,
0.8023212,32950,,,,,
0.73842156,33000,,,,,
0.7412052,33050,,,,,
0.8971808,33100,,,,,
0.7467834,33150,,,,,
0.8441208,33200,,,,,
0.75876474,33250,,,,,
0.7407756,33300,,,,,
0.7471887,33350,,,,,
0.6626177,33400,,,,,
0.74560094,33450,,,,,
0.6304216,33500,,,,,
0.7392398,33550,,,,,
0.79053664,33600,,,,,
0.7329304,33650,,,,,
0.7300323,33700,,,,,
0.7754135,33750,,,,,
0.7758409,33800,,,,,
1.0174401,33850,,,,,
0.65305024,33900,,,,,
0.7959602,33950,,,,,
0.81274796,34000,,,,,
0.84908867,34050,,,,,
0.6665256,34100,,,,,
0.762202,34150,,,,,
0.77904505,34200,,,,,
0.7207307,34250,,,,,
0.7270646,34300,,,,,
0.7794648,34350,,,,,
0.73232996,34400,,,,,
0.8624624,34450,,,,,
0.7329932,34500,,,,,
0.7353501,34550,,,,,
0.7340977,34600,,,,,
0.7575623,34650,,,,,
0.79182994,34700,,,,,
0.70305794,34750,,,,,
0.8388815,34800,,,,,
0.75897247,34850,,,,,
0.73687917,34900,,,,,
0.75199413,34950,,,,,
0.7138841,35000,,,,,
0.87284887,35050,,,,,
0.7196742,35100,,,,,
0.7477329,35150,,,,,
0.7130776,35200,,,,,
0.7148626,35250,,,,,
0.77439857,35300,,,,,
0.7707164,35350,,,,,
0.8504526,35400,,,,,
0.8113841,35450,,,,,
0.80047166,35500,,,,,
0.72880906,35550,,,,,
0.82186216,35600,,,,,
0.8119463,35650,,,,,
0.8250973,35700,,,,,
0.8344104,35750,,,,,
0.7908977,35800,,,,,
0.77294636,35850,,,,,
0.80471474,35900,,,,,
0.7816963,35950,,,,,
0.7260797,36000,,,,,
0.8284619,36050,,,,,
0.8065683,36100,,,,,
0.66657877,36150,,,,,
0.8252317,36200,,,,,
0.7017087,36250,,,,,
0.75964355,36300,,,,,
0.79249513,36350,,,,,
0.70470715,36400,,,,,
0.8389765,36450,,,,,
0.8137526,36500,,,,,
0.7179731,36550,,,,,
0.6823121,36600,,,,,
0.8192879,36650,,,,,
0.9166274,36700,,,,,
0.7849372,36750,,,,,
0.7668153,36800,,,,,
0.75904965,36850,,,,,
0.7877054,36900,,,,,
0.78304094,36950,,,,,
0.8314511,37000,,,,,
0.87395465,37050,,,,,
0.7682775,37100,,,,,
0.794853,37150,,,,,
0.68778694,37200,,,,,
0.7873645,37250,,,,,
0.79234815,37300,,,,,
0.735667,37350,,,,,
0.7213268,37400,,,,,
0.7680534,37450,,,,,
0.7310076,37500,,,,,
0.8141126,37550,,,,,
0.7035766,37600,,,,,
0.7562721,37650,,,,,
0.83517414,37700,,,,,
0.75024474,37750,,,,,
0.70339155,37800,,,,,
0.7334224,37850,,,,,
0.67937875,37900,,,,,
0.8523078,37950,,,,,
0.75995046,38000,,,,,
0.6778912,38050,,,,,
0.7336763,38100,,,,,
0.8023191,38150,,,,,
0.68195873,38200,,,,,
0.76455283,38250,,,,,
0.7330358,38300,,,,,
0.77690715,38350,,,,,
0.746089,38400,,,,,
0.7909922,38450,,,,,
0.7481158,38500,,,,,
0.7686268,38550,,,,,
0.8103817,38600,,,,,
0.6849592,38650,,,,,
0.7470112,38700,,,,,
0.73564684,38750,,,,,
0.71344924,38800,,,,,
0.7372154,38850,,,,,
0.7871992,38900,,,,,
0.80210495,38950,,,,,
0.794558,39000,,,,,
0.81764865,39050,,,,,
0.80961865,39100,,,,,
0.78186834,39150,,,,,
0.7644977,39200,,,,,
0.7475926,39250,,,,,
0.75038385,39300,,,,,
0.8071854,39350,,,,,
0.7810319,39400,,,,,
0.77621067,39450,,,,,
0.71429384,39500,,,,,
0.75237656,39550,,,,,
0.70647496,39600,,,,,
0.7375836,39650,,,,,
0.7148066,39700,,,,,
0.9004034,39750,,,,,
0.7938113,39800,,,,,
0.79105914,39850,,,,,
0.6983008,39900,,,,,
0.76130986,39950,,,,,
0.774066,40000,,,,,
,40000,0.010411789800599217,,,,
,40000,,-0.18459465,,,
,40000,,,92.0,,
,40000,,,,4.047785561531782,
0.73295486,40050,,,,,
0.6905596,40100,,,,,
0.7524473,40150,,,,,
0.88813865,40200,,,,,
0.7974442,40250,,,,,
0.78219384,40300,,,,,
0.7168579,40350,,,,,
0.73048854,40400,,,,,
0.6919702,40450,,,,,
0.73699117,40500,,,,,
0.8289031,40550,,,,,
0.68491554,40600,,,,,
0.7821505,40650,,,,,
0.7160863,40700,,,,,
0.6945941,40750,,,,,
0.6653347,40800,,,,,
0.8186512,40850,,,,,
0.7427701,40900,,,,,
0.73976123,40950,,,,,
0.758831,41000,,,,,
0.6881875,41050,,,,,
0.75393015,41100,,,,,
0.7642774,41150,,,,,
0.73875195,41200,,,,,
0.67601836,41250,,,,,
0.71141016,41300,,,,,
0.71023786,41350,,,,,
0.8049927,41400,,,,,
0.7428274,41450,,,,,
0.78019476,41500,,,,,
0.7954594,41550,,,,,
0.88004816,41600,,,,,
0.6733092,41650,,,,,
0.7938756,41700,,,,,
0.80323404,41750,,,,,
0.7430477,41800,,,,,
0.82341397,41850,,,,,
0.80697316,41900,,,,,
0.62791145,41950,,,,,
0.7433786,42000,,,,,
0.7355013,42050,,,,,
0.82790333,42100,,,,,
0.76832426,42150,,,,,
0.7796924,42200,,,,,
0.7920976,42250,,,,,
0.6486213,42300,,,,,
0.6421943,42350,,,,,
0.7867429,42400,,,,,
0.70882094,42450,,,,,
0.79269254,42500,,,,,
0.7899509,42550,,,,,
0.7828307,42600,,,,,
0.7490827,42650,,,,,
0.7646609,42700,,,,,
0.72943705,42750,,,,,
0.8248185,42800,,,,,
0.75065845,42850,,,,,
0.6452418,42900,,,,,
0.83304954,42950,,,,,
0.7281917,43000,,,,,
0.74769294,43050,,,,,
0.77472794,43100,,,,,
0.8485198,43150,,,,,
0.7630069,43200,,,,,
0.66624033,43250,,,,,
0.86976457,43300,,,,,
0.78640544,43350,,,,,
0.7951342,43400,,,,,
0.7899178,43450,,,,,
0.80148464,43500,,,,,
0.69293183,43550,,,,,
0.8170498,43600,,,,,
0.7664243,43650,,,,,
0.7718017,43700,,,,,
0.81315625,43750,,,,,
0.7952914,43800,,,,,
0.820818,43850,,,,,
0.76452136,43900,,,,,
0.73335975,43950,,,,,
0.77198654,44000,,,,,
0.76502514,44050,,,,,
0.7207185,44100,,,,,
0.83986855,44150,,,,,
0.7856251,44200,,,,,
0.8133388,44250,,,,,
0.72157395,44300,,,,,
0.9013755,44350,,,,,
0.73998284,44400,,,,,
0.7543776,44450,,,,,
0.7685208,44500,,,,,
0.703336,44550,,,,,
0.71690357,44600,,,,,
0.87890375,44650,,,,,
0.8434752,44700,,,,,
0.791659,44750,,,,,
0.70817125,44800,,,,,
0.7322873,44850,,,,,
0.6468448,44900,,,,,
0.83092713,44950,,,,,
0.732079,45000,,,,,
0.83071566,45050,,,,,
0.80199903,45100,,,,,
0.7897638,45150,,,,,
0.810044,45200,,,,,
0.8554936,45250,,,,,
0.7390374,45300,,,,,
0.7491255,45350,,,,,
0.8478619,45400,,,,,
0.7732941,45450,,,,,
0.82743645,45500,,,,,
0.76170045,45550,,,,,
0.6923561,45600,,,,,
0.7137568,45650,,,,,
0.70060796,45700,,,,,
0.8736673,45750,,,,,
0.75461674,45800,,,,,
0.78622663,45850,,,,,
0.7373806,45900,,,,,
0.78035074,45950,,,,,
0.8051342,46000,,,,,
0.7832544,46050,,,,,
0.75350064,46100,,,,,
0.6921289,46150,,,,,
0.7900574,46200,,,,,
0.84926856,46250,,,,,
0.78772587,46300,,,,,
0.72526467,46350,,,,,
0.91921973,46400,,,,,
0.80974764,46450,,,,,
0.8735404,46500,,,,,
0.7404004,46550,,,,,
0.7520826,46600,,,,,
0.65034604,46650,,,,,
0.7370877,46700,,,,,
0.79637647,46750,,,,,
0.6811665,46800,,,,,
0.7671116,46850,,,,,
0.8209228,46900,,,,,
0.66580415,46950,,,,,
0.73760396,47000,,,,,
0.7951421,47050,,,,,
0.72637963,47100,,,,,
0.8334769,47150,,,,,
0.71524984,47200,,,,,
0.828454,47250,,,,,
0.8836362,47300,,,,,
0.75335324,47350,,,,,
0.6559105,47400,,,,,
0.7963238,47450,,,,,
0.73430103,47500,,,,,
0.801416,47550,,,,,
0.76323104,47600,,,,,
0.7593224,47650,,,,,
0.737461,47700,,,,,
0.73016626,47750,,,,,
0.6775466,47800,,,,,
0.7995988,47850,,,,,
0.70795995,47900,,,,,
0.78186363,47950,,,,,
0.8062856,48000,,,,,
0.76139987,48050,,,,,
0.7161063,48100,,,,,
0.7261523,48150,,,,,
0.81910825,48200,,,,,
0.87642324,48250,,,,,
0.6837532,48300,,,,,
0.7277869,48350,,,,,
0.8136463,48400,,,,,
0.83350444,48450,,,,,
0.7547475,48500,,,,,
0.77156734,48550,,,,,
0.7076408,48600,,,,,
0.8379256,48650,,,,,
0.80456495,48700,,,,,
0.83320117,48750,,,,,
0.6753403,48800,,,,,
0.8522965,48850,,,,,
0.6925072,48900,,,,,
0.8435613,48950,,,,,
0.7180409,49000,,,,,
0.6433736,49050,,,,,
0.7343431,49100,,,,,
0.7685317,49150,,,,,
0.7586012,49200,,,,,
0.7112066,49250,,,,,
0.7406273,49300,,,,,
0.76548755,49350,,,,,
0.7761128,49400,,,,,
0.74102736,49450,,,,,
0.70778227,49500,,,,,
0.8476263,49550,,,,,
0.7550673,49600,,,,,
0.64253557,49650,,,,,
0.8147085,49700,,,,,
0.7585733,49750,,,,,
0.81207436,49800,,,,,
0.77812546,49850,,,,,
0.7044359,49900,,,,,
0.78068507,49950,,,,,
0.8582319,50000,,,,,
,50000,0.010376065714284777,,,,
,50000,,-0.13786358,,,
,50000,,,98.0,,
,50000,,,,3.9674121998250484,
0.7465093,50050,,,,,
0.8312929,50100,,,,,
0.77300906,50150,,,,,
0.6503751,50200,,,,,
0.872349,50250,,,,,
0.6177991,50300,,,,,
0.68994987,50350,,,,,
0.80618256,50400,,,,,
0.8456851,50450,,,,,
0.7067468,50500,,,,,
0.7240418,50550,,,,,
0.7421919,50600,,,,,
0.7376676,50650,,,,,
0.66952753,50700,,,,,
0.65273046,50750,,,,,
0.7923089,50800,,,,,
0.7359351,50850,,,,,
0.78881466,50900,,,,,
0.8625333,50950,,,,,
0.74998695,51000,,,,,
0.7075231,51050,,,,,
0.7846645,51100,,,,,
0.7801527,51150,,,,,
0.75898,51200,,,,,
0.7758215,51250,,,,,
0.7407589,51300,,,,,
0.729054,51350,,,,,
0.746293,51400,,,,,
0.75554514,51450,,,,,
0.6901108,51500,,,,,
0.76069176,51550,,,,,
0.78215086,51600,,,,,
0.8336036,51650,,,,,
0.7510847,51700,,,,,
0.82244337,51750,,,,,
0.6447505,51800,,,,,
0.78492063,51850,,,,,
0.7777461,51900,,,,,
0.80545926,51950,,,,,
0.72491616,52000,,,,,
0.91076887,52050,,,,,
0.8079136,52100,,,,,
0.8385874,52150,,,,,
0.7315231,52200,,,,,
0.74243516,52250,,,,,
0.7603828,52300,,,,,
0.79050976,52350,,,,,
0.8950776,52400,,,,,
0.81905925,52450,,,,,
0.85417277,52500,,,,,
0.8456835,52550,,,,,
0.7930508,52600,,,,,
0.8002039,52650,,,,,
0.83379257,52700,,,,,
0.7530365,52750,,,,,
0.7831007,52800,,,,,
0.7996518,52850,,,,,
0.8697804,52900,,,,,
0.74117064,52950,,,,,
0.87111205,53000,,,,,
0.7503097,53050,,,,,
0.8337652,53100,,,,,
0.7404203,53150,,,,,
0.90272677,53200,,,,,
0.6966447,53250,,,,,
0.7024076,53300,,,,,
0.8164282,53350,,,,,
0.81245506,53400,,,,,
0.9106298,53450,,,,,
0.7233087,53500,,,,,
0.66519296,53550,,,,,
0.9049758,53600,,,,,
0.85452276,53650,,,,,
0.7754004,53700,,,,,
0.7889006,53750,,,,,
0.7518853,53800,,,,,
0.79495823,53850,,,,,
0.7825958,53900,,,,,
0.80371636,53950,,,,,
0.8831911,54000,,,,,
0.77739364,54050,,,,,
0.7506298,54100,,,,,
0.76552784,54150,,,,,
0.89527494,54200,,,,,
0.8644589,54250,,,,,
0.755393,54300,,,,,
0.7823466,54350,,,,,
0.8012431,54400,,,,,
0.8220583,54450,,,,,
0.7101363,54500,,,,,
0.82436943,54550,,,,,
0.7236215,54600,,,,,
0.7949792,54650,,,,,
0.7597362,54700,,,,,
0.7464708,54750,,,,,
0.8367456,54800,,,,,
0.7960576,54850,,,,,
0.91732967,54900,,,,,
0.70832455,54950,,,,,
0.8527801,55000,,,,,
0.74072295,55050,,,,,
0.64318204,55100,,,,,
0.72096646,55150,,,,,
0.86544806,55200,,,,,
0.78522325,55250,,,,,
0.7507028,55300,,,,,
0.83663315,55350,,,,,
0.8993656,55400,,,,,
0.7671908,55450,,,,,
0.7652753,55500,,,,,
0.8003958,55550,,,,,
0.6890828,55600,,,,,
0.8217839,55650,,,,,
0.74995637,55700,,,,,
0.7312027,55750,,,,,
0.8302747,55800,,,,,
0.7457569,55850,,,,,
0.7712815,55900,,,,,
0.7177955,55950,,,,,
0.7751546,56000,,,,,
0.74290806,56050,,,,,
0.8246369,56100,,,,,
0.7498318,56150,,,,,
0.6943949,56200,,,,,
0.7606425,56250,,,,,
0.84036374,56300,,,,,
0.7090187,56350,,,,,
0.7698369,56400,,,,,
0.90342987,56450,,,,,
0.7806758,56500,,,,,
0.7082274,56550,,,,,
0.75234157,56600,,,,,
0.8430745,56650,,,,,
0.8209826,56700,,,,,
0.7010634,56750,,,,,
0.7316906,56800,,,,,
0.75241435,56850,,,,,
0.8057523,56900,,,,,
0.72570515,56950,,,,,
0.75979894,57000,,,,,
0.8338588,57050,,,,,
0.75997615,57100,,,,,
0.8297763,57150,,,,,
0.77273095,57200,,,,,
0.7769314,57250,,,,,
0.7415378,57300,,,,,
0.69828653,57350,,,,,
0.85863954,57400,,,,,
0.767482,57450,,,,,
0.6897315,57500,,,,,
0.7202633,57550,,,,,
0.66140914,57600,,,,,
0.76518404,57650,,,,,
0.7399837,57700,,,,,
0.823717,57750,,,,,
0.77012587,57800,,,,,
0.730854,57850,,,,,
0.82481927,57900,,,,,
0.65821487,57950,,,,,
0.8165148,58000,,,,,
0.75497115,58050,,,,,
0.8995947,58100,,,,,
0.78000635,58150,,,,,
0.72349846,58200,,,,,
0.77446926,58250,,,,,
0.8090627,58300,,,,,
0.8069474,58350,,,,,
0.671425,58400,,,,,
0.8030886,58450,,,,,
0.7477778,58500,,,,,
0.7958957,58550,,,,,
0.76781595,58600,,,,,
0.72485554,58650,,,,,
0.80008155,58700,,,,,
0.6806587,58750,,,,,
0.70859116,58800,,,,,
0.82517755,58850,,,,,
0.7066459,58900,,,,,
0.8081265,58950,,,,,
0.8170377,59000,,,,,
0.75791246,59050,,,,,
0.6271572,59100,,,,,
0.76080954,59150,,,,,
0.76875526,59200,,,,,
0.8003557,59250,,,,,
0.76555955,59300,,,,,
0.8535316,59350,,,,,
0.77685386,59400,,,,,
0.8115336,59450,,,,,
0.80545974,59500,,,,,
0.7556253,59550,,,,,
0.69349,59600,,,,,
0.7463872,59650,,,,,
0.74254227,59700,,,,,
0.7589074,59750,,,,,
0.74396926,59800,,,,,
0.76000005,59850,,,,,
0.78676474,59900,,,,,
0.7581493,59950,,,,,
0.7878564,60000,,,,,
,60000,0.010427165982127189,,,,
,60000,,-0.11642874,,,
,60000,,,98.0,,
,60000,,,,4.050614055246115,
0.7991548,60050,,,,,
0.79177475,60100,,,,,
0.7909936,60150,,,,,
0.8764428,60200,,,,,
0.7253191,60250,,,,,
0.8288088,60300,,,,,
0.7709013,60350,,,,,
0.8121244,60400,,,,,
0.7483572,60450,,,,,
0.90301955,60500,,,,,
0.8022692,60550,,,,,
0.7599195,60600,,,,,
0.73484516,60650,,,,,
0.7136246,60700,,,,,
0.7410702,60750,,,,,
0.8266207,60800,,,,,
0.8452073,60850,,,,,
0.88774765,60900,,,,,
0.88061416,60950,,,,,
0.82410747,61000,,,,,
0.76837933,61050,,,,,
0.79709446,61100,,,,,
0.73181057,61150,,,,,
0.85733765,61200,,,,,
0.8005328,61250,,,,,
0.84995395,61300,,,,,
0.70159554,61350,,,,,
0.87939227,61400,,,,,
0.8365114,61450,,,,,
0.80688953,61500,,,,,
0.78470546,61550,,,,,
0.8920034,61600,,,,,
0.71509176,61650,,,,,
0.6932323,61700,,,,,
0.7578212,61750,,,,,
0.7119998,61800,,,,,
0.7317201,61850,,,,,
0.86867285,61900,,,,,
0.7204569,61950,,,,,
0.7431598,62000,,,,,
0.8197757,62050,,,,,
0.78995156,62100,,,,,
0.8318775,62150,,,,,
0.8966022,62200,,,,,
0.8117402,62250,,,,,
0.72030514,62300,,,,,
0.7329401,62350,,,,,
0.7054517,62400,,,,,
0.6750456,62450,,,,,
0.7712415,62500,,,,,
0.80573076,62550,,,,,
0.7160487,62600,,,,,
0.773006,62650,,,,,
0.67521745,62700,,,,,
0.67738014,62750,,,,,
0.6894788,62800,,,,,
0.8042561,62850,,,,,
0.81301355,62900,,,,,
0.8243217,62950,,,,,
0.78918904,63000,,,,,
0.8262656,63050,,,,,
0.77483773,63100,,,,,
0.8185915,63150,,,,,
0.77554595,63200,,,,,
0.813251,63250,,,,,
0.6563246,63300,,,,,
0.84502435,63350,,,,,
0.8413954,63400,,,,,
0.7713631,63450,,,,,
0.67854255,63500,,,,,
0.75353163,63550,,,,,
0.83674634,63600,,,,,
0.79446274,63650,,,,,
0.7588654,63700,,,,,
0.70602906,63750,,,,,
0.69850236,63800,,,,,
0.8409504,63850,,,,,
0.7332876,63900,,,,,
0.69610775,63950,,,,,
0.6753098,64000,,,,,
0.88222325,64050,,,,,
0.6929257,64100,,,,,
0.7607826,64150,,,,,
0.7249744,64200,,,,,
0.7860968,64250,,,,,
0.6819081,64300,,,,,
0.7871154,64350,,,,,
0.805502,64400,,,,,
0.8653124,64450,,,,,
0.81508315,64500,,,,,
0.8715687,64550,,,,,
0.74131525,64600,,,,,
0.7393732,64650,,,,,
0.8646591,64700,,,,,
0.7903589,64750,,,,,
0.72419435,64800,,,,,
0.74029994,64850,,,,,
0.6765143,64900,,,,,
0.71520305,64950,,,,,
0.72879225,65000,,,,,
0.68541104,65050,,,,,
0.7486905,65100,,,,,
0.7547959,65150,,,,,
0.78735304,65200,,,,,
0.7988832,65250,,,,,
0.67594296,65300,,,,,
0.6821281,65350,,,,,
0.71576923,65400,,,,,
0.74413764,65450,,,,,
0.7293318,65500,,,,,
0.70357776,65550,,,,,
0.692644,65600,,,,,
0.6522365,65650,,,,,
0.80498546,65700,,,,,
0.82821274,65750,,,,,
0.69618833,65800,,,,,
0.8083095,65850,,,,,
0.7314794,65900,,,,,
0.75604737,65950,,,,,
0.74600494,66000,,,,,
0.6768866,66050,,,,,
0.6318909,66100,,,,,
0.672619,66150,,,,,
0.84686565,66200,,,,,
0.64213693,66250,,,,,
0.8055815,66300,,,,,
0.8124951,66350,,,,,
0.8254509,66400,,,,,
0.7566243,66450,,,,,
0.72551894,66500,,,,,
0.72737,66550,,,,,
0.80762225,66600,,,,,
0.7794088,66650,,,,,
0.6934287,66700,,,,,
0.76856023,66750,,,,,
0.88784826,66800,,,,,
0.8417248,66850,,,,,
0.67462707,66900,,,,,
0.74440813,66950,,,,,
0.77817,67000,,,,,
0.7023324,67050,,,,,
0.7175966,67100,,,,,
0.78424895,67150,,,,,
0.76240724,67200,,,,,
0.6843039,67250,,,,,
0.77200675,67300,,,,,
0.76361823,67350,,,,,
0.818922,67400,,,,,
0.8353194,67450,,,,,
0.74150884,67500,,,,,
0.7554775,67550,,,,,
0.6997199,67600,,,,,
0.8337357,67650,,,,,
0.79500747,67700,,,,,
0.7985988,67750,,,,,
0.7164101,67800,,,,,
0.7549316,67850,,,,,
0.762547,67900,,,,,
0.7466645,67950,,,,,
0.6778561,68000,,,,,
0.79824245,68050,,,,,
0.86317253,68100,,,,,
0.7039069,68150,,,,,
0.68719876,68200,,,,,
0.7673099,68250,,,,,
0.7863535,68300,,,,,
0.73396194,68350,,,,,
0.8159031,68400,,,,,
0.7579702,68450,,,,,
0.75194055,68500,,,,,
0.84224904,68550,,,,,
0.8232694,68600,,,,,
0.7117626,68650,,,,,
0.80549514,68700,,,,,
0.73574007,68750,,,,,
0.6766041,68800,,,,,
0.77433234,68850,,,,,
0.74469715,68900,,,,,
0.7461484,68950,,,,,
0.71056896,69000,,,,,
0.8649596,69050,,,,,
0.8061553,69100,,,,,
0.90385365,69150,,,,,
0.80506957,69200,,,,,
0.73555255,69250,,,,,
0.7633263,69300,,,,,
0.76698005,69350,,,,,
0.8212496,69400,,,,,
0.7083541,69450,,,,,
0.7666887,69500,,,,,
0.84433925,69550,,,,,
0.84014225,69600,,,,,
0.7561193,69650,,,,,
0.80294585,69700,,,,,
0.7758601,69750,,,,,
0.7465764,69800,,,,,
0.918149,69850,,,,,
0.82908666,69900,,,,,
0.7595245,69950,,,,,
0.69072187,70000,,,,,
,70000,0.010331550827994942,,,,
,70000,,-0.10089359,,,
,70000,,,98.0,,
,70000,,,,4.027641624212265,
0.75797755,70050,,,,,
0.75062066,70100,,,,,
0.7611747,70150,,,,,
0.7729943,70200,,,,,
0.73578453,70250,,,,,
0.7162979,70300,,,,,
0.7422706,70350,,,,,
0.879899,70400,,,,,
0.8372789,70450,,,,,
0.66300815,70500,,,,,
0.7292884,70550,,,,,
0.81808114,70600,,,,,
0.7317674,70650,,,,,
0.71297365,70700,,,,,
0.762704,70750,,,,,
0.78178656,70800,,,,,
0.73422694,70850,,,,,
0.7720407,70900,,,,,
0.80689055,70950,,,,,
0.7709203,71000,,,,,
0.8436979,71050,,,,,
0.7219468,71100,,,,,
0.92091095,71150,,,,,
0.74975693,71200,,,,,
0.7473153,71250,,,,,
0.85655034,71300,,,,,
0.75319624,71350,,,,,
0.76357555,71400,,,,,
0.7850582,71450,,,,,
0.89485896,71500,,,,,
0.7651836,71550,,,,,
0.71662223,71600,,,,,
0.65905106,71650,,,,,
0.7418723,71700,,,,,
0.7079588,71750,,,,,
0.7067907,71800,,,,,
0.6681357,71850,,,,,
0.71352917,71900,,,,,
0.76217735,71950,,,,,
0.6858165,72000,,,,,
0.8132416,72050,,,,,
0.7928072,72100,,,,,
0.7324097,72150,,,,,
0.77185774,72200,,,,,
0.6773694,72250,,,,,
0.86582375,72300,,,,,
0.652805,72350,,,,,
0.7301233,72400,,,,,
0.7873667,72450,,,,,
0.7110342,72500,,,,,
0.6955763,72550,,,,,
0.7182963,72600,,,,,
0.72887504,72650,,,,,
0.75378597,72700,,,,,
0.7988993,72750,,,,,
0.8090929,72800,,,,,
0.75155926,72850,,,,,
0.72507954,72900,,,,,
0.7969906,72950,,,,,
0.74242157,73000,,,,,
0.69828147,73050,,,,,
0.79111296,73100,,,,,
0.7206528,73150,,,,,
0.6596376,73200,,,,,
0.7771723,73250,,,,,
0.7343146,73300,,,,,
0.7673452,73350,,,,,
0.81625915,73400,,,,,
0.7433561,73450,,,,,
0.72165823,73500,,,,,
0.8423237,73550,,,,,
0.8726208,73600,,,,,
0.6823197,73650,,,,,
0.7581419,73700,,,,,
0.72443604,73750,,,,,
0.73303443,73800,,,,,
0.7985066,73850,,,,,
0.7350615,73900,,,,,
0.7525186,73950,,,,,
0.71632963,74000,,,,,
0.78985703,74050,,,,,
0.7774514,74100,,,,,
0.7778005,74150,,,,,
0.7610097,74200,,,,,
0.7937752,74250,,,,,
0.7538304,74300,,,,,
0.733021,74350,,,,,
0.70712775,74400,,,,,
0.8652905,74450,,,,,
0.72176313,74500,,,,,
0.8327492,74550,,,,,
0.73908347,74600,,,,,
0.8081357,74650,,,,,
0.7512073,74700,,,,,
0.77342504,74750,,,,,
0.7761347,74800,,,,,
0.7599664,74850,,,,,
0.7318425,74900,,,,,
0.80230325,74950,,,,,
0.8070407,75000,,,,,
0.7016016,75050,,,,,
0.72156,75100,,,,,
0.75371933,75150,,,,,
0.77714443,75200,,,,,
0.8013194,75250,,,,,
0.7598441,75300,,,,,
0.62635964,75350,,,,,
0.8003508,75400,,,,,
0.8813487,75450,,,,,
0.7823734,75500,,,,,
0.82587606,75550,,,,,
0.84474057,75600,,,,,
0.75582373,75650,,,,,
0.8037801,75700,,,,,
0.67290425,75750,,,,,
0.7824772,75800,,,,,
0.851812,75850,,,,,
0.8672111,75900,,,,,
0.71933186,75950,,,,,
0.6388346,76000,,,,,
0.8202696,76050,,,,,
0.76911247,76100,,,,,
0.7070441,76150,,,,,
0.7273693,76200,,,,,
0.81200564,76250,,,,,
0.79554117,76300,,,,,
0.80058795,76350,,,,,
0.7629833,76400,,,,,
0.7472311,76450,,,,,
0.8155541,76500,,,,,
0.6226334,76550,,,,,
0.7936053,76600,,,,,
0.75080556,76650,,,,,
0.6868672,76700,,,,,
0.7998077,76750,,,,,
0.7419446,76800,,,,,
0.7302735,76850,,,,,
0.74074763,76900,,,,,
0.72139215,76950,,,,,
0.7811524,77000,,,,,
0.7392767,77050,,,,,
0.7182293,77100,,,,,
0.6412825,77150,,,,,
0.6564707,77200,,,,,
0.7438541,77250,,,,,
0.8507741,77300,,,,,
0.7237447,77350,,,,,
0.80847496,77400,,,,,
0.7465714,77450,,,,,
0.7495674,77500,,,,,
0.73420405,77550,,,,,
0.7794719,77600,,,,,
0.73049176,77650,,,,,
0.73353064,77700,,,,,
0.820915,77750,,,,,
0.76835227,77800,,,,,
0.8815801,77850,,,,,
0.74730754,77900,,,,,
0.647744,77950,,,,,
0.7467092,78000,,,,,
0.7975483,78050,,,,,
0.7623294,78100,,,,,
0.7489096,78150,,,,,
0.84072155,78200,,,,,
0.6690836,78250,,,,,
0.7159338,78300,,,,,
0.6601212,78350,,,,,
0.76276565,78400,,,,,
0.78254724,78450,,,,,
0.77926534,78500,,,,,
0.8170008,78550,,,,,
0.7521543,78600,,,,,
0.7577462,78650,,,,,
0.79083437,78700,,,,,
0.6115385,78750,,,,,
0.74381256,78800,,,,,
0.71213084,78850,,,,,
0.77971125,78900,,,,,
0.7429794,78950,,,,,
0.8758875,79000,,,,,
0.70589435,79050,,,,,
0.75760037,79100,,,,,
0.7485023,79150,,,,,
0.8252761,79200,,,,,
0.8415383,79250,,,,,
0.76172155,79300,,,,,
0.7514979,79350,,,,,
0.67569643,79400,,,,,
0.7147808,79450,,,,,
0.7864667,79500,,,,,
0.76138264,79550,,,,,
0.8251316,79600,,,,,
0.8360169,79650,,,,,
0.80044985,79700,,,,,
0.74875337,79750,,,,,
0.78786546,79800,,,,,
0.8224925,79850,,,,,
0.77997816,79900,,,,,
0.7109864,79950,,,,,
0.8179046,80000,,,,,
,80000,0.01035112104639411,,,,
,80000,,-0.08479751,,,
,80000,,,104.0,,
,80000,,,,4.0088943019509315,
0.73658746,80050,,,,,
0.7798724,80100,,,,,
0.8411826,80150,,,,,
0.8364263,80200,,,,,
0.678161,80250,,,,,
0.8126435,80300,,,,,
0.73650193,80350,,,,,
0.8249612,80400,,,,,
0.66630715,80450,,,,,
0.7139356,80500,,,,,
0.87771386,80550,,,,,
0.7578113,80600,,,,,
0.7828512,80650,,,,,
0.73401564,80700,,,,,
0.7726772,80750,,,,,
0.85130423,80800,,,,,
0.82809675,80850,,,,,
0.78391004,80900,,,,,
0.7632343,80950,,,,,
0.6943468,81000,,,,,
0.7940687,81050,,,,,
0.86385703,81100,,,,,
0.7004666,81150,,,,,
0.8284279,81200,,,,,
0.7977136,81250,,,,,
0.76179355,81300,,,,,
0.6929157,81350,,,,,
0.81890714,81400,,,,,
0.79045093,81450,,,,,
0.78616166,81500,,,,,
0.74757206,81550,,,,,
0.68702275,81600,,,,,
0.77627707,81650,,,,,
0.71364915,81700,,,,,
0.7258939,81750,,,,,
0.7428092,81800,,,,,
0.72149175,81850,,,,,
0.74860775,81900,,,,,
0.77777684,81950,,,,,
0.77191156,82000,,,,,
0.6954218,82050,,,,,
0.77205217,82100,,,,,
0.7207723,82150,,,,,
0.74901235,82200,,,,,
0.7365499,82250,,,,,
0.7260522,82300,,,,,
0.7486573,82350,,,,,
0.83525133,82400,,,,,
0.811709,82450,,,,,
0.8319861,82500,,,,,
0.82764363,82550,,,,,
0.72555834,82600,,,,,
0.970722,82650,,,,,
0.7019481,82700,,,,,
0.7677723,82750,,,,,
0.7318695,82800,,,,,
0.645529,82850,,,,,
0.70931613,82900,,,,,
0.73848754,82950,,,,,
0.80518323,83000,,,,,
0.75095206,83050,,,,,
0.71866214,83100,,,,,
0.7609967,83150,,,,,
0.864754,83200,,,,,
0.7144591,83250,,,,,
0.78946334,83300,,,,,
0.71028066,83350,,,,,
0.73381245,83400,,,,,
0.80790037,83450,,,,,
0.798482,83500,,,,,
0.79868084,83550,,,,,
0.86298406,83600,,,,,
0.7783068,83650,,,,,
0.7302363,83700,,,,,
0.6869828,83750,,,,,
0.7826412,83800,,,,,
0.6610405,83850,,,,,
0.8176826,83900,,,,,
0.70631975,83950,,,,,
0.7442617,84000,,,,,
0.7761886,84050,,,,,
0.75942147,84100,,,,,
0.6636134,84150,,,,,
0.76293457,84200,,,,,
0.823208,84250,,,,,
0.7067371,84300,,,,,
0.7409446,84350,,,,,
0.7418786,84400,,,,,
0.9035447,84450,,,,,
0.77186835,84500,,,,,
0.7482125,84550,,,,,
0.7307973,84600,,,,,
0.71713763,84650,,,,,
0.7912347,84700,,,,,
0.7617246,84750,,,,,
0.6765358,84800,,,,,
0.8119564,84850,,,,,
0.74446565,84900,,,,,
0.71940476,84950,,,,,
0.89178205,85000,,,,,
0.80197763,85050,,,,,
0.7667979,85100,,,,,
0.71017396,85150,,,,,
0.76444036,85200,,,,,
0.8404635,85250,,,,,
0.7536066,85300,,,,,
0.75483143,85350,,,,,
0.72748214,85400,,,,,
0.7798973,85450,,,,,
0.7944031,85500,,,,,
0.8941446,85550,,,,,
0.7337303,85600,,,,,
0.7805319,85650,,,,,
0.8136871,85700,,,,,
0.7146332,85750,,,,,
0.8079103,85800,,,,,
0.8410229,85850,,,,,
0.7193008,85900,,,,,
0.803951,85950,,,,,
0.80204827,86000,,,,,
0.73074174,86050,,,,,
0.7516129,86100,,,,,
0.77326757,86150,,,,,
0.76741326,86200,,,,,
0.76040554,86250,,,,,
0.80257285,86300,,,,,
0.6843383,86350,,,,,
0.8178672,86400,,,,,
0.77712023,86450,,,,,
0.81782925,86500,,,,,
0.85149384,86550,,,,,
0.7190343,86600,,,,,
0.7450191,86650,,,,,
0.74048984,86700,,,,,
0.66316926,86750,,,,,
0.700357,86800,,,,,
0.7397172,86850,,,,,
0.74380785,86900,,,,,
0.7779509,86950,,,,,
0.77498484,87000,,,,,
0.73457074,87050,,,,,
0.768276,87100,,,,,
0.77523637,87150,,,,,
0.8862499,87200,,,,,
0.6578534,87250,,,,,
0.77236676,87300,,,,,
0.7491819,87350,,,,,
0.9221452,87400,,,,,
0.6756816,87450,,,,,
0.6385137,87500,,,,,
0.7709623,87550,,,,,
0.7535049,87600,,,,,
0.7712743,87650,,,,,
0.7761617,87700,,,,,
0.7047206,87750,,,,,
0.68313813,87800,,,,,
0.87856084,87850,,,,,
0.7666995,87900,,,,,
0.80029523,87950,,,,,
0.8284806,88000,,,,,
0.7429369,88050,,,,,
0.67164934,88100,,,,,
0.8080888,88150,,,,,
0.8047068,88200,,,,,
0.80586034,88250,,,,,
0.7574035,88300,,,,,
0.7243085,88350,,,,,
0.84543914,88400,,,,,
0.7667471,88450,,,,,
0.89067453,88500,,,,,
0.75154996,88550,,,,,
0.886934,88600,,,,,
0.74189234,88650,,,,,
0.67393756,88700,,,,,
0.71924603,88750,,,,,
0.8446915,88800,,,,,
0.8210328,88850,,,,,
0.67753136,88900,,,,,
0.85740554,88950,,,,,
0.79889464,89000,,,,,
0.8420137,89050,,,,,
0.8545007,89100,,,,,
0.8122691,89150,,,,,
0.83074594,89200,,,,,
0.8023783,89250,,,,,
0.8376477,89300,,,,,
0.75990266,89350,,,,,
0.7399938,89400,,,,,
0.7980094,89450,,,,,
0.8420367,89500,,,,,
0.69775444,89550,,,,,
0.776002,89600,,,,,
0.74549663,89650,,,,,
0.75663286,89700,,,,,
0.72553074,89750,,,,,
0.74396,89800,,,,,
0.75826037,89850,,,,,
0.7339772,89900,,,,,
0.71924114,89950,,,,,
0.7271741,90000,,,,,
,90000,0.010376362226903439,,,,
,90000,,-0.06665338,,,
,90000,,,104.0,,
,90000,,,,3.8991997353732586,
0.690809,90050,,,,,
0.7345963,90100,,,,,
0.8001617,90150,,,,,
0.7116364,90200,,,,,
0.81128806,90250,,,,,
0.7223662,90300,,,,,
0.79829866,90350,,,,,
0.7520211,90400,,,,,
0.70659393,90450,,,,,
0.7304356,90500,,,,,
0.7618595,90550,,,,,
0.7846776,90600,,,,,
0.7414064,90650,,,,,
0.9050971,90700,,,,,
0.7468079,90750,,,,,
0.73801833,90800,,,,,
0.7663982,90850,,,,,
0.7665501,90900,,,,,
0.8610746,90950,,,,,
0.7708428,91000,,,,,
0.66928136,91050,,,,,
0.81894195,91100,,,,,
0.82122016,91150,,,,,
0.8020936,91200,,,,,
0.7322629,91250,,,,,
0.8138608,91300,,,,,
0.7969315,91350,,,,,
0.7890007,91400,,,,,
0.771487,91450,,,,,
0.7446933,91500,,,,,
0.87665087,91550,,,,,
0.85162234,91600,,,,,
0.68714666,91650,,,,,
0.7524631,91700,,,,,
0.7855537,91750,,,,,
0.7947808,91800,,,,,
0.7442711,91850,,,,,
0.68831456,91900,,,,,
0.6995963,91950,,,,,
0.7451058,92000,,,,,
0.8353548,92050,,,,,
0.7520735,92100,,,,,
0.8240222,92150,,,,,
0.7506,92200,,,,,
0.78512263,92250,,,,,
0.78489196,92300,,,,,
0.7802475,92350,,,,,
0.78226393,92400,,,,,
0.7191227,92450,,,,,
0.7357643,92500,,,,,
0.6853703,92550,,,,,
0.8508767,92600,,,,,
0.7326826,92650,,,,,
0.8230876,92700,,,,,
0.8199672,92750,,,,,
0.68636787,92800,,,,,
0.78647417,92850,,,,,
0.74891216,92900,,,,,
0.83772075,92950,,,,,
0.7650347,93000,,,,,
0.8421156,93050,,,,,
0.7319872,93100,,,,,
0.74458253,93150,,,,,
0.75894505,93200,,,,,
0.77743196,93250,,,,,
0.7808272,93300,,,,,
0.78467333,93350,,,,,
0.73778045,93400,,,,,
0.75814664,93450,,,,,
0.648875,93500,,,,,
0.7514056,93550,,,,,
0.83778197,93600,,,,,
0.71417,93650,,,,,
0.7531371,93700,,,,,
0.8090676,93750,,,,,
0.792722,93800,,,,,
0.84137833,93850,,,,,
0.84652853,93900,,,,,
0.79508936,93950,,,,,
0.79717314,94000,,,,,
0.74069023,94050,,,,,
0.835778,94100,,,,,
0.6705774,94150,,,,,
0.8066139,94200,,,,,
0.7499892,94250,,,,,
0.91912705,94300,,,,,
0.87288564,94350,,,,,
0.7768835,94400,,,,,
0.67021704,94450,,,,,
0.7919738,94500,,,,,
0.71031547,94550,,,,,
0.7836136,94600,,,,,
0.6833224,94650,,,,,
0.7558751,94700,,,,,
0.7313891,94750,,,,,
0.7909793,94800,,,,,
0.78766084,94850,,,,,
0.7673759,94900,,,,,
0.7847369,94950,,,,,
0.77665436,95000,,,,,
0.7763337,95050,,,,,
0.8041951,95100,,,,,
0.7957911,95150,,,,,
0.72900397,95200,,,,,
0.8162229,95250,,,,,
0.7842473,95300,,,,,
0.7884119,95350,,,,,
0.71440005,95400,,,,,
0.7177458,95450,,,,,
0.70846546,95500,,,,,
0.799227,95550,,,,,
0.7706145,95600,,,,,
0.77997226,95650,,,,,
0.7502488,95700,,,,,
0.83039755,95750,,,,,
0.74798256,95800,,,,,
0.73075175,95850,,,,,
0.6604012,95900,,,,,
0.78518075,95950,,,,,
0.7725146,96000,,,,,
0.69074196,96050,,,,,
0.8142674,96100,,,,,
0.6547369,96150,,,,,
0.69086766,96200,,,,,
0.80243254,96250,,,,,
0.7514248,96300,,,,,
0.7379652,96350,,,,,
0.80709237,96400,,,,,
0.76360744,96450,,,,,
0.7864083,96500,,,,,
0.74003637,96550,,,,,
0.7104324,96600,,,,,
0.78120995,96650,,,,,
0.84361684,96700,,,,,
0.74001294,96750,,,,,
0.7798158,96800,,,,,
0.77445245,96850,,,,,
0.7325968,96900,,,,,
0.91878164,96950,,,,,
0.7938574,97000,,,,,
0.7746153,97050,,,,,
0.79850477,97100,,,,,
0.76994765,97150,,,,,
0.66811955,97200,,,,,
0.67393994,97250,,,,,
0.70736384,97300,,,,,
0.7385528,97350,,,,,
0.84142387,97400,,,,,
0.77450776,97450,,,,,
0.7687654,97500,,,,,
0.7029947,97550,,,,,
0.7867887,97600,,,,,
0.7937137,97650,,,,,
0.7500356,97700,,,,,
0.77212703,97750,,,,,
0.7382504,97800,,,,,
0.79703045,97850,,,,,
0.7111454,97900,,,,,
0.756592,97950,,,,,
0.69835865,98000,,,,,
0.77083606,98050,,,,,
0.83387053,98100,,,,,
0.6836196,98150,,,,,
0.70612586,98200,,,,,
0.8164908,98250,,,,,
0.75789416,98300,,,,,
0.730039,98350,,,,,
0.7300896,98400,,,,,
0.89403355,98450,,,,,
0.7810472,98500,,,,,
0.6951866,98550,,,,,
0.717613,98600,,,,,
0.67692804,98650,,,,,
0.791584,98700,,,,,
0.77525675,98750,,,,,
0.6878902,98800,,,,,
0.80797356,98850,,,,,
0.8431661,98900,,,,,
0.7649949,98950,,,,,
0.7774508,99000,,,,,
0.7412404,99050,,,,,
0.82386047,99100,,,,,
0.8029896,99150,,,,,
0.71263295,99200,,,,,
0.7988977,99250,,,,,
0.6612679,99300,,,,,
0.75686955,99350,,,,,
0.81324184,99400,,,,,
0.73924327,99450,,,,,
0.73877394,99500,,,,,
0.78108096,99550,,,,,
0.7267403,99600,,,,,
0.74404716,99650,,,,,
0.7600126,99700,,,,,
0.7916933,99750,,,,,
0.8024322,99800,,,,,
0.71464914,99850,,,,,
0.7829803,99900,,,,,
0.77256465,99950,,,,,
0.7812637,100000,,,,,
,100000,0.010307689797133207,,,,
,100000,,-0.040842075,,,
,100000,,,101.0,,
,100000,,,,3.8987175710499287,
0.738886,100050,,,,,
0.80467224,100100,,,,,
0.8223825,100150,,,,,
0.8388071,100200,,,,,
0.790876,100250,,,,,
0.7446128,100300,,,,,
0.6953857,100350,,,,,
0.74009156,100400,,,,,
0.82866526,100450,,,,,
0.71361995,100500,,,,,
0.76955104,100550,,,,,
0.78185123,100600,,,,,
0.78807956,100650,,,,,
0.8437272,100700,,,,,
0.8069036,100750,,,,,
0.75902605,100800,,,,,
0.74302256,100850,,,,,
0.8591363,100900,,,,,
0.79388046,100950,,,,,
0.8428961,101000,,,,,
0.75282854,101050,,,,,
0.7986298,101100,,,,,
0.8282128,101150,,,,,
0.7358406,101200,,,,,
0.82316107,101250,,,,,
0.7872231,101300,,,,,
0.6873516,101350,,,,,
0.7423191,101400,,,,,
0.6959088,101450,,,,,
0.72800016,101500,,,,,
0.8223858,101550,,,,,
0.7874599,101600,,,,,
0.81506896,101650,,,,,
0.7696576,101700,,,,,
0.87517333,101750,,,,,
0.77770275,101800,,,,,
0.80095595,101850,,,,,
0.71525,101900,,,,,
0.70743203,101950,,,,,
0.8637236,102000,,,,,
0.79776883,102050,,,,,
0.7898207,102100,,,,,
0.7614707,102150,,,,,
0.73175454,102200,,,,,
0.7456951,102250,,,,,
0.71548283,102300,,,,,
0.79896843,102350,,,,,
0.8426849,102400,,,,,
0.78143144,102450,,,,,
0.78471136,102500,,,,,
0.8148246,102550,,,,,
0.8549842,102600,,,,,
0.8236759,102650,,,,,
0.75008714,102700,,,,,
0.7340653,102750,,,,,
0.65528154,102800,,,,,
0.7197269,102850,,,,,
0.8434706,102900,,,,,
0.68813014,102950,,,,,
0.71716285,103000,,,,,
0.8606102,103050,,,,,
0.82121944,103100,,,,,
0.79698855,103150,,,,,
0.8213998,103200,,,,,
0.77853763,103250,,,,,
0.78915477,103300,,,,,
0.8153857,103350,,,,,
0.6680547,103400,,,,,
0.7606815,103450,,,,,
0.7865368,103500,,,,,
0.8521225,103550,,,,,
0.7277498,103600,,,,,
0.7587179,103650,,,,,
0.76778835,103700,,,,,
0.77385116,103750,,,,,
0.7453283,103800,,,,,
0.77102304,103850,,,,,
0.739789,103900,,,,,
0.74237037,103950,,,,,
0.80962825,104000,,,,,
0.71703535,104050,,,,,
0.8169235,104100,,,,,
0.771581,104150,,,,,
0.7778419,104200,,,,,
0.6955489,104250,,,,,
0.8067075,104300,,,,,
0.7445314,104350,,,,,
0.7501457,104400,,,,,
0.7200527,104450,,,,,
0.7617611,104500,,,,,
0.75863516,104550,,,,,
0.7008519,104600,,,,,
0.7139255,104650,,,,,
0.80433154,104700,,,,,
0.7688834,104750,,,,,
0.7796365,104800,,,,,
0.71096355,104850,,,,,
0.78186786,104900,,,,,
0.83276844,104950,,,,,
0.73258173,105000,,,,,
0.80003166,105050,,,,,
0.7481147,105100,,,,,
0.7382273,105150,,,,,
0.6974627,105200,,,,,
0.7714296,105250,,,,,
0.7597755,105300,,,,,
0.7480844,105350,,,,,
0.7591995,105400,,,,,
0.71278185,105450,,,,,
0.71055263,105500,,,,,
0.6953328,105550,,,,,
0.788609,105600,,,,,
0.6872411,105650,,,,,
0.7338904,105700,,,,,
0.8644797,105750,,,,,
0.7887939,105800,,,,,
0.78137964,105850,,,,,
0.674171,105900,,,,,
0.77049625,105950,,,,,
0.63326156,106000,,,,,
0.77326727,106050,,,,,
0.68274677,106100,,,,,
0.74304664,106150,,,,,
0.720736,106200,,,,,
0.70033,106250,,,,,
0.6407185,106300,,,,,
0.82119477,106350,,,,,
0.729902,106400,,,,,
0.85231817,106450,,,,,
0.8269969,106500,,,,,
0.6766746,106550,,,,,
0.8250349,106600,,,,,
0.7861063,106650,,,,,
0.80571103,106700,,,,,
0.76936674,106750,,,,,
0.76613176,106800,,,,,
0.67808646,106850,,,,,
0.83850116,106900,,,,,
0.7273434,106950,,,,,
0.87499857,107000,,,,,
0.73121345,107050,,,,,
0.7583316,107100,,,,,
0.7893486,107150,,,,,
0.7457813,107200,,,,,
0.7701049,107250,,,,,
0.7686527,107300,,,,,
0.7693501,107350,,,,,
0.7267667,107400,,,,,
0.8376076,107450,,,,,
0.6701374,107500,,,,,
0.72764105,107550,,,,,
0.7694569,107600,,,,,
0.85172373,107650,,,,,
0.74082905,107700,,,,,
0.79473525,107750,,,,,
0.8135601,107800,,,,,
0.8109604,107850,,,,,
0.7858075,107900,,,,,
0.7016325,107950,,,,,
0.8505411,108000,,,,,
0.80411553,108050,,,,,
0.719351,108100,,,,,
0.8040936,108150,,,,,
0.7630197,108200,,,,,
0.71748406,108250,,,,,
0.811106,108300,,,,,
0.73756397,108350,,,,,
0.7647375,108400,,,,,
0.725986,108450,,,,,
0.74633336,108500,,,,,
0.6984031,108550,,,,,
0.7876354,108600,,,,,
0.8711788,108650,,,,,
0.8116266,108700,,,,,
0.79669744,108750,,,,,
0.7000186,108800,,,,,
0.7640319,108850,,,,,
0.7888559,108900,,,,,
0.7599112,108950,,,,,
0.8346979,109000,,,,,
0.8238415,109050,,,,,
0.73819226,109100,,,,,
0.8055785,109150,,,,,
0.80672693,109200,,,,,
0.8293756,109250,,,,,
0.7086927,109300,,,,,
0.75866497,109350,,,,,
0.7930163,109400,,,,,
0.7575263,109450,,,,,
0.85036814,109500,,,,,
0.76899505,109550,,,,,
0.7334361,109600,,,,,
0.86452496,109650,,,,,
0.7030285,109700,,,,,
0.7273927,109750,,,,,
0.7671679,109800,,,,,
0.7814759,109850,,,,,
0.8609835,109900,,,,,
0.81351554,109950,,,,,
0.78562653,110000,,,,,
,110000,0.010370404698699712,,,,
,110000,,-0.021759085,,,
,110000,,,104.0,,
,110000,,,,3.9340416975319386,
0.746158,110050,,,,,
0.87749505,110100,,,,,
0.7649324,110150,,,,,
0.69033796,110200,,,,,
0.7819355,110250,,,,,
0.8399042,110300,,,,,
0.769276,110350,,,,,
0.67586875,110400,,,,,
0.7555121,110450,,,,,
0.73432606,110500,,,,,
0.844936,110550,,,,,
0.8007809,110600,,,,,
0.9121455,110650,,,,,
0.68478715,110700,,,,,
0.882888,110750,,,,,
0.78109294,110800,,,,,
0.6762515,110850,,,,,
0.810514,110900,,,,,
0.73655957,110950,,,,,
0.784282,111000,,,,,
0.69902503,111050,,,,,
0.7219676,111100,,,,,
0.86301553,111150,,,,,
0.77836,111200,,,,,
0.7119425,111250,,,,,
0.7283365,111300,,,,,
0.7901566,111350,,,,,
0.78669333,111400,,,,,
0.6690639,111450,,,,,
0.83070076,111500,,,,,
0.8356689,111550,,,,,
0.77668005,111600,,,,,
0.76942843,111650,,,,,
0.8322991,111700,,,,,
0.7046569,111750,,,,,
0.81362027,111800,,,,,
0.75180626,111850,,,,,
0.755589,111900,,,,,
0.82088625,111950,,,,,
0.72079706,112000,,,,,
0.77110153,112050,,,,,
0.8345463,112100,,,,,
0.79777217,112150,,,,,
0.8551467,112200,,,,,
0.7533567,112250,,,,,
0.8244094,112300,,,,,
0.6627171,112350,,,,,
0.72208416,112400,,,,,
0.7575196,112450,,,,,
0.7226989,112500,,,,,
0.75706726,112550,,,,,
0.6951959,112600,,,,,
0.8276085,112650,,,,,
0.7684086,112700,,,,,
0.76629686,112750,,,,,
0.7708421,112800,,,,,
0.7714401,112850,,,,,
0.88663805,112900,,,,,
0.7920351,112950,,,,,
0.7975968,113000,,,,,
0.77287394,113050,,,,,
0.7624452,113100,,,,,
0.72403216,113150,,,,,
0.73286045,113200,,,,,
0.7642957,113250,,,,,
0.7672063,113300,,,,,
0.7473402,113350,,,,,
0.6936718,113400,,,,,
0.69906175,113450,,,,,
0.82994443,113500,,,,,
0.63512915,113550,,,,,
0.7682031,113600,,,,,
0.83260715,113650,,,,,
0.7909876,113700,,,,,
0.65244603,113750,,,,,
0.7406111,113800,,,,,
0.7917968,113850,,,,,
0.7819061,113900,,,,,
0.77234215,113950,,,,,
0.79433197,114000,,,,,
0.7774761,114050,,,,,
0.6735212,114100,,,,,
0.8020476,114150,,,,,
0.8105445,114200,,,,,
0.7055853,114250,,,,,
0.810848,114300,,,,,
0.7753604,114350,,,,,
0.7258721,114400,,,,,
0.8590317,114450,,,,,
0.7676402,114500,,,,,
0.77388954,114550,,,,,
0.7234368,114600,,,,,
0.77476203,114650,,,,,
0.69171566,114700,,,,,
0.8038561,114750,,,,,
0.8389983,114800,,,,,
0.7328901,114850,,,,,
0.76745176,114900,,,,,
0.73778325,114950,,,,,
0.82154155,115000,,,,,
0.8692485,115050,,,,,
0.7671162,115100,,,,,
0.861415,115150,,,,,
0.7802467,115200,,,,,
0.7604422,115250,,,,,
0.8416608,115300,,,,,
0.8191134,115350,,,,,
0.80142206,115400,,,,,
0.82544416,115450,,,,,
0.82297504,115500,,,,,
0.7313987,115550,,,,,
0.76233435,115600,,,,,
0.7717859,115650,,,,,
0.7315277,115700,,,,,
0.8280659,115750,,,,,
0.63788617,115800,,,,,
0.8139136,115850,,,,,
0.81894046,115900,,,,,
0.7669786,115950,,,,,
0.8385095,116000,,,,,
0.77346474,116050,,,,,
0.7342538,116100,,,,,
0.8973784,116150,,,,,
0.8018259,116200,,,,,
0.7515425,116250,,,,,
0.8018779,116300,,,,,
0.76729846,116350,,,,,
0.7037251,116400,,,,,
0.71231735,116450,,,,,
0.6788684,116500,,,,,
0.80118936,116550,,,,,
0.793424,116600,,,,,
0.72861576,116650,,,,,
0.7515854,116700,,,,,
0.7326069,116750,,,,,
0.8246962,116800,,,,,
0.7209866,116850,,,,,
0.66680866,116900,,,,,
0.8613175,116950,,,,,
0.7581402,117000,,,,,
0.784479,117050,,,,,
0.82274926,117100,,,,,
0.8160572,117150,,,,,
0.83939993,117200,,,,,
0.75343907,117250,,,,,
0.7547921,117300,,,,,
0.7895045,117350,,,,,
0.83957636,117400,,,,,
0.7653688,117450,,,,,
0.77801406,117500,,,,,
0.8357712,117550,,,,,
0.7078315,117600,,,,,
0.70881844,117650,,,,,
0.7728295,117700,,,,,
0.7515367,117750,,,,,
0.84436804,117800,,,,,
0.7804296,117850,,,,,
0.7665709,117900,,,,,
0.7295284,117950,,,,,
0.8995192,118000,,,,,
0.7805139,118050,,,,,
0.74867105,118100,,,,,
0.76996064,118150,,,,,
0.9451032,118200,,,,,
0.758962,118250,,,,,
0.66767555,118300,,,,,
0.7143397,118350,,,,,
0.66440594,118400,,,,,
0.76825756,118450,,,,,
0.79214627,118500,,,,,
0.80526733,118550,,,,,
0.82047206,118600,,,,,
0.75795877,118650,,,,,
0.7606039,118700,,,,,
0.7271358,118750,,,,,
0.7390333,118800,,,,,
0.74726033,118850,,,,,
0.7336954,118900,,,,,
0.8257373,118950,,,,,
0.7517786,119000,,,,,
0.76821786,119050,,,,,
0.77705944,119100,,,,,
0.7380483,119150,,,,,
0.8095361,119200,,,,,
0.80703557,119250,,,,,
0.76429987,119300,,,,,
0.7184002,119350,,,,,
0.84471315,119400,,,,,
0.81646144,119450,,,,,
0.7068039,119500,,,,,
0.81189483,119550,,,,,
0.7766378,119600,,,,,
0.7131826,119650,,,,,
0.6987512,119700,,,,,
0.7066231,119750,,,,,
0.8603443,119800,,,,,
0.73059404,119850,,,,,
0.7568064,119900,,,,,
0.7103718,119950,,,,,
0.812219,120000,,,,,
,120000,0.010344705843925476,,,,
,120000,,-0.0049568373,,,
,120000,,,101.0,,
,120000,,,,3.821268904954195,
0.6989496,120050,,,,,
0.673072,120100,,,,,
0.66401637,120150,,,,,
0.7473028,120200,,,,,
0.7342559,120250,,,,,
0.79721636,120300,,,,,
0.6140511,120350,,,,,
0.7942368,120400,,,,,
0.7693341,120450,,,,,
0.73954916,120500,,,,,
0.8489131,120550,,,,,
0.7358998,120600,,,,,
0.67717105,120650,,,,,
0.8651755,120700,,,,,
0.710572,120750,,,,,
0.87472385,120800,,,,,
0.66783786,120850,,,,,
0.72057116,120900,,,,,
0.70447546,120950,,,,,
0.7216784,121000,,,,,
0.8057272,121050,,,,,
0.78231114,121100,,,,,
0.75937665,121150,,,,,
0.6964669,121200,,,,,
0.7803081,121250,,,,,
0.7607086,121300,,,,,
0.7648543,121350,,,,,
0.75200176,121400,,,,,
0.7947806,121450,,,,,
0.92701197,121500,,,,,
0.74099135,121550,,,,,
0.68279386,121600,,,,,
0.6780033,121650,,,,,
0.7262372,121700,,,,,
0.7831964,121750,,,,,
0.7916359,121800,,,,,
0.7382184,121850,,,,,
0.7172786,121900,,,,,
0.74311274,121950,,,,,
0.7372998,122000,,,,,
0.68569636,122050,,,,,
0.8250784,122100,,,,,
0.92356265,122150,,,,,
0.6454472,122200,,,,,
0.80569905,122250,,,,,
0.7829974,122300,,,,,
0.7173586,122350,,,,,
0.7442781,122400,,,,,
0.84576076,122450,,,,,
0.69543016,122500,,,,,
0.7989967,122550,,,,,
0.84282315,122600,,,,,
0.76203436,122650,,,,,
0.82828474,122700,,,,,
0.7574521,122750,,,,,
0.6849316,122800,,,,,
0.8304204,122850,,,,,
0.7951844,122900,,,,,
0.8417429,122950,,,,,
0.8123846,123000,,,,,
0.6934317,123050,,,,,
0.71917915,123100,,,,,
0.67457306,123150,,,,,
0.8763646,123200,,,,,
0.7527894,123250,,,,,
0.7506357,123300,,,,,
0.7527045,123350,,,,,
0.81056505,123400,,,,,
0.7727077,123450,,,,,
0.7061235,123500,,,,,
0.7436954,123550,,,,,
0.7825989,123600,,,,,
0.78400445,123650,,,,,
0.85712576,123700,,,,,
0.8000612,123750,,,,,
0.7740278,123800,,,,,
0.7271724,123850,,,,,
0.86398304,123900,,,,,
0.7906523,123950,,,,,
0.7879993,124000,,,,,
0.7905208,124050,,,,,
0.7731905,124100,,,,,
0.70620024,124150,,,,,
0.7923577,124200,,,,,
0.77108616,124250,,,,,
0.773662,124300,,,,,
0.6790567,124350,,,,,
0.71302605,124400,,,,,
0.8493707,124450,,,,,
0.7659947,124500,,,,,
0.7833313,124550,,,,,
0.7657579,124600,,,,,
0.79652655,124650,,,,,
0.7569732,124700,,,,,
0.7541255,124750,,,,,
0.7427943,124800,,,,,
0.75813156,124850,,,,,
0.6607312,124900,,,,,
0.75718117,124950,,,,,
0.707173,125000,,,,,
0.8250419,125050,,,,,
0.8710706,125100,,,,,
0.83510727,125150,,,,,
0.831578,125200,,,,,
0.7630687,125250,,,,,
0.7500794,125300,,,,,
0.75566673,125350,,,,,
0.7081257,125400,,,,,
0.72952414,125450,,,,,
0.7940956,125500,,,,,
0.7265904,125550,,,,,
0.7609741,125600,,,,,
0.8004588,125650,,,,,
0.81714183,125700,,,,,
0.7273212,125750,,,,,
0.7818705,125800,,,,,
0.71359444,125850,,,,,
0.82692724,125900,,,,,
0.802102,125950,,,,,
0.8012521,126000,,,,,
0.7841655,126050,,,,,
0.901739,126100,,,,,
0.71125793,126150,,,,,
0.86847985,126200,,,,,
0.68078095,126250,,,,,
0.76846623,126300,,,,,
0.78670394,126350,,,,,
0.73670024,126400,,,,,
0.8573824,126450,,,,,
0.7245507,126500,,,,,
0.7152523,126550,,,,,
0.74960077,126600,,,,,
0.6624907,126650,,,,,
0.8239733,126700,,,,,
0.79350924,126750,,,,,
0.68152535,126800,,,,,
0.7538963,126850,,,,,
0.8305544,126900,,,,,
0.7297249,126950,,,,,
0.75120115,127000,,,,,
0.6612004,127050,,,,,
0.7451402,127100,,,,,
0.762503,127150,,,,,
0.7350114,127200,,,,,
0.76954603,127250,,,,,
0.75256383,127300,,,,,
0.78567684,127350,,,,,
0.83144885,127400,,,,,
0.77029836,127450,,,,,
0.7653434,127500,,,,,
0.7508704,127550,,,,,
0.8135762,127600,,,,,
0.743108,127650,,,,,
0.81320894,127700,,,,,
0.8326454,127750,,,,,
0.72236043,127800,,,,,
0.86590743,127850,,,,,
0.6579056,127900,,,,,
0.8545178,127950,,,,,
0.70129657,128000,,,,,
0.7828145,128050,,,,,
0.7522063,128100,,,,,
0.7181619,128150,,,,,
0.7242174,128200,,,,,
0.8586395,128250,,,,,
0.86465013,128300,,,,,
0.78827596,128350,,,,,
0.7277776,128400,,,,,
0.8176055,128450,,,,,
0.73349714,128500,,,,,
0.7289674,128550,,,,,
0.7508402,128600,,,,,
0.7241292,128650,,,,,
0.74286586,128700,,,,,
0.6931351,128750,,,,,
0.7522638,128800,,,,,
0.7040814,128850,,,,,
0.76703686,128900,,,,,
0.83285797,128950,,,,,
0.73234266,129000,,,,,
0.74632335,129050,,,,,
0.68930644,129100,,,,,
0.7851611,129150,,,,,
0.803962,129200,,,,,
0.6804129,129250,,,,,
0.74709284,129300,,,,,
0.7888013,129350,,,,,
0.6687578,129400,,,,,
0.806152,129450,,,,,
0.75910807,129500,,,,,
0.8247281,129550,,,,,
0.7286579,129600,,,,,
0.78076607,129650,,,,,
0.72892946,129700,,,,,
0.7526874,129750,,,,,
0.71911,129800,,,,,
0.8848574,129850,,,,,
0.7081211,129900,,,,,
0.8013661,129950,,,,,
0.7481049,130000,,,,,
,130000,0.010328097606822849,,,,
,130000,,0.0029142278,,,
,130000,,,107.0,,
,130000,,,,3.9834695756435394,
0.7171464,130050,,,,,
0.71215093,130100,,,,,
0.727428,130150,,,,,
0.70057833,130200,,,,,
0.7792586,130250,,,,,
0.7792933,130300,,,,,
0.70462406,130350,,,,,
0.7857439,130400,,,,,
0.71767735,130450,,,,,
0.6235849,130500,,,,,
0.61644065,130550,,,,,
0.7734567,130600,,,,,
0.7377962,130650,,,,,
0.7120152,130700,,,,,
0.81103486,130750,,,,,
0.7977131,130800,,,,,
0.82677066,130850,,,,,
0.7629584,130900,,,,,
0.7241953,130950,,,,,
0.78665984,131000,,,,,
0.7298918,131050,,,,,
0.8224412,131100,,,,,
0.6952082,131150,,,,,
0.8044364,131200,,,,,
0.7331123,131250,,,,,
0.7972371,131300,,,,,
0.7568862,131350,,,,,
0.9144621,131400,,,,,
0.6854797,131450,,,,,
0.7721158,131500,,,,,
0.71138906,131550,,,,,
0.8039571,131600,,,,,
0.7842204,131650,,,,,
0.7701334,131700,,,,,
0.6972496,131750,,,,,
0.86482507,131800,,,,,
0.8160633,131850,,,,,
0.8025449,131900,,,,,
0.7425959,131950,,,,,
0.77195454,132000,,,,,
0.8431991,132050,,,,,
0.8874101,132100,,,,,
0.77445453,132150,,,,,
0.76204395,132200,,,,,
0.87509847,132250,,,,,
0.7931899,132300,,,,,
0.6525497,132350,,,,,
0.7004804,132400,,,,,
0.7167402,132450,,,,,
0.73879266,132500,,,,,
0.7965626,132550,,,,,
0.80823016,132600,,,,,
0.7688057,132650,,,,,
0.76146543,132700,,,,,
0.8511556,132750,,,,,
0.8289633,132800,,,,,
0.7353393,132850,,,,,
0.7298282,132900,,,,,
0.65216804,132950,,,,,
0.6969358,133000,,,,,
0.8080351,133050,,,,,
0.7514298,133100,,,,,
0.76420486,133150,,,,,
0.7265713,133200,,,,,
0.75699,133250,,,,,
0.831846,133300,,,,,
0.834273,133350,,,,,
0.69537663,133400,,,,,
0.74606025,133450,,,,,
0.77261555,133500,,,,,
0.7947336,133550,,,,,
0.81793815,133600,,,,,
0.85261154,133650,,,,,
0.7622255,133700,,,,,
0.8108793,133750,,,,,
0.6716219,133800,,,,,
0.8193568,133850,,,,,
0.7557682,133900,,,,,
0.7273045,133950,,,,,
0.83187187,134000,,,,,
0.81312317,134050,,,,,
0.81152785,134100,,,,,
0.7965998,134150,,,,,
0.7140976,134200,,,,,
0.6924561,134250,,,,,
0.7715582,134300,,,,,
0.69465536,134350,,,,,
0.72251034,134400,,,,,
0.86366105,134450,,,,,
0.8799877,134500,,,,,
0.73033315,134550,,,,,
0.7635579,134600,,,,,
0.86008567,134650,,,,,
0.7251672,134700,,,,,
0.7105082,134750,,,,,
0.72523546,134800,,,,,
0.72335577,134850,,,,,
0.725829,134900,,,,,
0.91930914,134950,,,,,
0.75453556,135000,,,,,
0.85886043,135050,,,,,
0.8227905,135100,,,,,
0.85906065,135150,,,,,
0.8287375,135200,,,,,
0.7288352,135250,,,,,
0.7831918,135300,,,,,
0.7134235,135350,,,,,
0.8056726,135400,,,,,
0.8456341,135450,,,,,
0.7128575,135500,,,,,
0.7932837,135550,,,,,
0.76189953,135600,,,,,
0.8082197,135650,,,,,
0.71805817,135700,,,,,
0.765157,135750,,,,,
0.83374166,135800,,,,,
0.7647945,135850,,,,,
0.7329919,135900,,,,,
0.7286139,135950,,,,,
0.7287588,136000,,,,,
0.7845706,136050,,,,,
0.7407388,136100,,,,,
0.84190273,136150,,,,,
0.8144448,136200,,,,,
0.73316985,136250,,,,,
0.77341056,136300,,,,,
0.7799684,136350,,,,,
0.7402835,136400,,,,,
0.83547777,136450,,,,,
0.7663369,136500,,,,,
0.7916142,136550,,,,,
0.7223884,136600,,,,,
0.80898744,136650,,,,,
0.6968116,136700,,,,,
0.82106376,136750,,,,,
0.8443249,136800,,,,,
0.95063,136850,,,,,
0.76962227,136900,,,,,
0.66986656,136950,,,,,
0.76593566,137000,,,,,
0.75978744,137050,,,,,
0.7806296,137100,,,,,
0.6887877,137150,,,,,
0.7710187,137200,,,,,
0.75027484,137250,,,,,
0.80356216,137300,,,,,
0.7784591,137350,,,,,
0.74227387,137400,,,,,
0.7189541,137450,,,,,
0.7524046,137500,,,,,
0.8650758,137550,,,,,
0.7826393,137600,,,,,
0.7525754,137650,,,,,
0.7510425,137700,,,,,
0.7304205,137750,,,,,
0.88922316,137800,,,,,
0.7360609,137850,,,,,
0.76754516,137900,,,,,
0.78449607,137950,,,,,
0.7521944,138000,,,,,
0.7863226,138050,,,,,
0.7578598,138100,,,,,
0.76342,138150,,,,,
0.85213953,138200,,,,,
0.778176,138250,,,,,
0.6977367,138300,,,,,
0.8149713,138350,,,,,
0.77419263,138400,,,,,
0.7970975,138450,,,,,
0.7560254,138500,,,,,
0.82362276,138550,,,,,
0.8758317,138600,,,,,
0.74846315,138650,,,,,
0.7784038,138700,,,,,
0.79961324,138750,,,,,
0.8120842,138800,,,,,
0.79223335,138850,,,,,
0.8361337,138900,,,,,
0.82081056,138950,,,,,
0.8206066,139000,,,,,
0.71943724,139050,,,,,
0.7633912,139100,,,,,
0.72873664,139150,,,,,
0.76281345,139200,,,,,
0.7660283,139250,,,,,
0.8092553,139300,,,,,
0.82845265,139350,,,,,
0.7942726,139400,,,,,
0.7990416,139450,,,,,
0.698424,139500,,,,,
0.77648866,139550,,,,,
0.827641,139600,,,,,
0.7880738,139650,,,,,
0.89521194,139700,,,,,
0.8308666,139750,,,,,
0.79076934,139800,,,,,
0.8276448,139850,,,,,
0.7459618,139900,,,,,
0.7191574,139950,,,,,
0.7009194,140000,,,,,
,140000,0.010325543265417219,,,,
,140000,,0.004663363,,,
,140000,,,107.0,,
,140000,,,,3.9471853859722614,
0.8069966,140050,,,,,
0.7395587,140100,,,,,
0.656238,140150,,,,,
0.7937219,140200,,,,,
0.700191,140250,,,,,
0.81622183,140300,,,,,
0.80135864,140350,,,,,
0.69510657,140400,,,,,
0.7317232,140450,,,,,
0.7231597,140500,,,,,
0.7120758,140550,,,,,
0.6816514,140600,,,,,
0.80492467,140650,,,,,
0.6980933,140700,,,,,
0.7550142,140750,,,,,
0.7755239,140800,,,,,
0.70162964,140850,,,,,
0.8017215,140900,,,,,
0.77275455,140950,,,,,
0.74162686,141000,,,,,
0.7353385,141050,,,,,
0.77665174,141100,,,,,
0.75964594,141150,,,,,
0.7799885,141200,,,,,
0.74378395,141250,,,,,
0.8566612,141300,,,,,
0.77264774,141350,,,,,
0.8072076,141400,,,,,
0.71372056,141450,,,,,
0.7530296,141500,,,,,
0.81391215,141550,,,,,
0.74590576,141600,,,,,
0.838936,141650,,,,,
0.84531385,141700,,,,,
0.74417686,141750,,,,,
0.74822444,141800,,,,,
0.7408599,141850,,,,,
0.7635585,141900,,,,,
0.73564214,141950,,,,,
0.8026594,142000,,,,,
0.7401706,142050,,,,,
0.72706944,142100,,,,,
0.777835,142150,,,,,
0.7150723,142200,,,,,
0.9309624,142250,,,,,
0.889027,142300,,,,,
0.8621086,142350,,,,,
0.73689115,142400,,,,,
0.8598925,142450,,,,,
0.76048976,142500,,,,,
0.8072242,142550,,,,,
0.7867229,142600,,,,,
0.7739054,142650,,,,,
0.7318663,142700,,,,,
0.79513335,142750,,,,,
0.72728336,142800,,,,,
0.6845921,142850,,,,,
0.7384368,142900,,,,,
0.7193314,142950,,,,,
0.83171034,143000,,,,,
0.711688,143050,,,,,
0.7262109,143100,,,,,
0.74049056,143150,,,,,
0.75802773,143200,,,,,
0.7561721,143250,,,,,
0.7751229,143300,,,,,
0.7714244,143350,,,,,
0.80666727,143400,,,,,
0.6871325,143450,,,,,
0.78656787,143500,,,,,
0.74495953,143550,,,,,
0.8637031,143600,,,,,
0.72031426,143650,,,,,
0.8333832,143700,,,,,
0.8297948,143750,,,,,
0.8008846,143800,,,,,
0.9095863,143850,,,,,
0.71821123,143900,,,,,
0.82091546,143950,,,,,
0.78046286,144000,,,,,
0.7929115,144050,,,,,
0.7582265,144100,,,,,
0.7119349,144150,,,,,
0.80148184,144200,,,,,
0.89207774,144250,,,,,
0.7824135,144300,,,,,
0.72679126,144350,,,,,
0.71903723,144400,,,,,
0.7641525,144450,,,,,
0.7987798,144500,,,,,
0.7790886,144550,,,,,
0.7544272,144600,,,,,
0.6806506,144650,,,,,
0.8302293,144700,,,,,
0.7170204,144750,,,,,
0.8024032,144800,,,,,
0.75410867,144850,,,,,
0.71956724,144900,,,,,
0.88900274,144950,,,,,
0.7823459,145000,,,,,
0.8458041,145050,,,,,
0.66841024,145100,,,,,
0.7807955,145150,,,,,
0.80928063,145200,,,,,
0.7639568,145250,,,,,
0.6833674,145300,,,,,
0.7263106,145350,,,,,
0.65898514,145400,,,,,
0.707875,145450,,,,,
0.729991,145500,,,,,
0.7258086,145550,,,,,
0.75532985,145600,,,,,
0.7840198,145650,,,,,
0.8041303,145700,,,,,
0.660525,145750,,,,,
0.79245687,145800,,,,,
0.7019023,145850,,,,,
0.6928855,145900,,,,,
0.78959787,145950,,,,,
0.8291326,146000,,,,,
0.65340436,146050,,,,,
0.73493123,146100,,,,,
0.8465274,146150,,,,,
0.8488206,146200,,,,,
0.7716913,146250,,,,,
0.7409662,146300,,,,,
0.78394735,146350,,,,,
0.7723137,146400,,,,,
0.822935,146450,,,,,
0.783774,146500,,,,,
0.7215301,146550,,,,,
0.80962205,146600,,,,,
0.80097497,146650,,,,,
0.7723377,146700,,,,,
0.8371645,146750,,,,,
0.73202395,146800,,,,,
0.7281009,146850,,,,,
0.71932465,146900,,,,,
0.7445692,146950,,,,,
0.8200486,147000,,,,,
0.7426267,147050,,,,,
0.8086715,147100,,,,,
0.69558,147150,,,,,
0.80152726,147200,,,,,
0.7779957,147250,,,,,
0.6878325,147300,,,,,
0.83329594,147350,,,,,
0.7006549,147400,,,,,
0.7583754,147450,,,,,
0.83459306,147500,,,,,
0.81185114,147550,,,,,
0.75499225,147600,,,,,
0.7872013,147650,,,,,
0.8202403,147700,,,,,
0.62962687,147750,,,,,
0.70815927,147800,,,,,
0.8431841,147850,,,,,
0.7804003,147900,,,,,
0.7235755,147950,,,,,
0.7506132,148000,,,,,
0.70227575,148050,,,,,
0.74152863,148100,,,,,
0.8086704,148150,,,,,
0.79706824,148200,,,,,
0.8054296,148250,,,,,
0.8213464,148300,,,,,
0.80997294,148350,,,,,
0.7257919,148400,,,,,
0.83977616,148450,,,,,
0.7497755,148500,,,,,
0.78746223,148550,,,,,
0.7471138,148600,,,,,
0.67622805,148650,,,,,
0.7811389,148700,,,,,
0.74954516,148750,,,,,
0.8309236,148800,,,,,
0.8004816,148850,,,,,
0.7587729,148900,,,,,
0.7917843,148950,,,,,
0.7770997,149000,,,,,
0.6987421,149050,,,,,
0.724874,149100,,,,,
0.7833836,149150,,,,,
0.8548274,149200,,,,,
0.82209474,149250,,,,,
0.82577527,149300,,,,,
0.90147537,149350,,,,,
0.86835504,149400,,,,,
0.77408445,149450,,,,,
0.8330382,149500,,,,,
0.80679685,149550,,,,,
0.78389984,149600,,,,,
0.83128303,149650,,,,,
0.6530985,149700,,,,,
0.72695816,149750,,,,,
0.80021065,149800,,,,,
0.68942046,149850,,,,,
0.83943546,149900,,,,,
0.8684167,149950,,,,,
0.7462306,150000,,,,,
,150000,0.010348144722357393,,,,
,150000,,0.013407439,,,
,150000,,,107.0,,
,150000,,,,3.9410554133355618,
0.85458374,150050,,,,,
0.8024845,150100,,,,,
0.739948,150150,,,,,
0.74646604,150200,,,,,
0.76276386,150250,,,,,
0.7470245,150300,,,,,
0.7624562,150350,,,,,
0.770666,150400,,,,,
0.7630502,150450,,,,,
0.80213284,150500,,,,,
0.7473628,150550,,,,,
0.84952307,150600,,,,,
0.784006,150650,,,,,
0.7904142,150700,,,,,
0.7336085,150750,,,,,
0.76682997,150800,,,,,
0.88759553,150850,,,,,
0.81783676,150900,,,,,
0.845485,150950,,,,,
0.72487843,151000,,,,,
0.77610934,151050,,,,,
0.71208775,151100,,,,,
0.7836905,151150,,,,,
0.8061618,151200,,,,,
0.719416,151250,,,,,
0.7249093,151300,,,,,
0.73714733,151350,,,,,
0.6957046,151400,,,,,
0.81346226,151450,,,,,
0.7755139,151500,,,,,
0.8086693,151550,,,,,
0.81256115,151600,,,,,
0.7953477,151650,,,,,
0.74983555,151700,,,,,
0.73429906,151750,,,,,
0.785816,151800,,,,,
0.7183755,151850,,,,,
0.76401854,151900,,,,,
0.7354625,151950,,,,,
0.8341785,152000,,,,,
0.8512365,152050,,,,,
0.82979697,152100,,,,,
0.8297626,152150,,,,,
0.7364439,152200,,,,,
0.66321397,152250,,,,,
0.76931053,152300,,,,,
0.7486203,152350,,,,,
0.73065054,152400,,,,,
0.8370038,152450,,,,,
0.8104814,152500,,,,,
0.71424884,152550,,,,,
0.75611985,152600,,,,,
0.6870188,152650,,,,,
0.8255863,152700,,,,,
0.6898535,152750,,,,,
0.75005496,152800,,,,,
0.72326624,152850,,,,,
0.7865457,152900,,,,,
0.81794274,152950,,,,,
0.71604604,153000,,,,,
0.75103414,153050,,,,,
0.743142,153100,,,,,
0.7984205,153150,,,,,
0.8081977,153200,,,,,
0.85459644,153250,,,,,
0.69449675,153300,,,,,
0.7322729,153350,,,,,
0.7174974,153400,,,,,
0.8017334,153450,,,,,
0.8574124,153500,,,,,
0.7239406,153550,,,,,
0.7879859,153600,,,,,
0.7985498,153650,,,,,
0.77655417,153700,,,,,
0.9017062,153750,,,,,
0.6902544,153800,,,,,
0.7940726,153850,,,,,
0.7540655,153900,,,,,
0.76537615,153950,,,,,
0.8027821,154000,,,,,
0.7240902,154050,,,,,
0.7807211,154100,,,,,
0.76440644,154150,,,,,
0.8339841,154200,,,,,
0.75404954,154250,,,,,
0.7260039,154300,,,,,
0.7258612,154350,,,,,
0.73624766,154400,,,,,
0.78218585,154450,,,,,
0.65816736,154500,,,,,
0.7471155,154550,,,,,
0.6698022,154600,,,,,
0.6962825,154650,,,,,
0.8063978,154700,,,,,
0.7754649,154750,,,,,
0.6671169,154800,,,,,
0.7005402,154850,,,,,
0.77047616,154900,,,,,
0.70868385,154950,,,,,
0.70105124,155000,,,,,
0.74364823,155050,,,,,
0.8257366,155100,,,,,
0.77910936,155150,,,,,
0.875317,155200,,,,,
0.71191347,155250,,,,,
0.7040941,155300,,,,,
0.85899794,155350,,,,,
0.7655598,155400,,,,,
0.85009664,155450,,,,,
0.6374179,155500,,,,,
0.8251093,155550,,,,,
0.75040114,155600,,,,,
0.76170516,155650,,,,,
0.73265487,155700,,,,,
0.7722696,155750,,,,,
0.7230122,155800,,,,,
0.70083016,155850,,,,,
0.78224456,155900,,,,,
0.7081252,155950,,,,,
0.7998849,156000,,,,,
0.69189894,156050,,,,,
0.7081735,156100,,,,,
0.7867433,156150,,,,,
0.704484,156200,,,,,
0.7179865,156250,,,,,
0.8074877,156300,,,,,
0.76756454,156350,,,,,
0.71965194,156400,,,,,
0.7347316,156450,,,,,
0.80615425,156500,,,,,
0.8593569,156550,,,,,
0.7888174,156600,,,,,
0.7076054,156650,,,,,
0.72376424,156700,,,,,
0.76048857,156750,,,,,
0.7340807,156800,,,,,
0.6655012,156850,,,,,
0.80123293,156900,,,,,
0.73711395,156950,,,,,
0.6609322,157000,,,,,
0.89629215,157050,,,,,
0.8096301,157100,,,,,
0.74324083,157150,,,,,
0.7686792,157200,,,,,
0.7490446,157250,,,,,
0.6721489,157300,,,,,
0.9392453,157350,,,,,
0.76574737,157400,,,,,
0.6664082,157450,,,,,
0.69933474,157500,,,,,
0.783761,157550,,,,,
0.68081355,157600,,,,,
0.72368467,157650,,,,,
0.824839,157700,,,,,
0.7163286,157750,,,,,
0.7366163,157800,,,,,
0.71369624,157850,,,,,
0.6922591,157900,,,,,
0.76810586,157950,,,,,
0.68568313,158000,,,,,
0.7519581,158050,,,,,
0.6188364,158100,,,,,
0.76498306,158150,,,,,
0.7567557,158200,,,,,
0.7315374,158250,,,,,
0.79126334,158300,,,,,
0.7574559,158350,,,,,
0.7260094,158400,,,,,
0.8150643,158450,,,,,
0.8379566,158500,,,,,
0.831981,158550,,,,,
0.7832182,158600,,,,,
0.7825722,158650,,,,,
0.78392726,158700,,,,,
0.7722868,158750,,,,,
0.7567491,158800,,,,,
0.73519546,158850,,,,,
0.74504626,158900,,,,,
0.83091533,158950,,,,,
0.77001333,159000,,,,,
0.65475345,159050,,,,,
0.85300875,159100,,,,,
0.7304704,159150,,,,,
0.7732147,159200,,,,,
0.81440794,159250,,,,,
0.9064051,159300,,,,,
0.69292414,159350,,,,,
0.72450364,159400,,,,,
0.80146676,159450,,,,,
0.85384977,159500,,,,,
0.7832308,159550,,,,,
0.8639157,159600,,,,,
0.7490612,159650,,,,,
0.70356524,159700,,,,,
0.82870615,159750,,,,,
0.79285073,159800,,,,,
0.79855573,159850,,,,,
0.8444942,159900,,,,,
0.75986636,159950,,,,,
0.6950407,160000,,,,,
,160000,0.010385661851987242,,,,
,160000,,0.028072616,,,
,160000,,,113.0,,
,160000,,,,3.9535434916615486,
0.730018,160050,,,,,
0.7162564,160100,,,,,
0.7707076,160150,,,,,
0.68549085,160200,,,,,
0.89790237,160250,,,,,
0.78723615,160300,,,,,
0.81888187,160350,,,,,
0.68176544,160400,,,,,
0.753894,160450,,,,,
0.7634405,160500,,,,,
0.68213385,160550,,,,,
0.69439185,160600,,,,,
0.75868505,160650,,,,,
0.80656594,160700,,,,,
0.714908,160750,,,,,
0.68149245,160800,,,,,
0.7423848,160850,,,,,
0.7031079,160900,,,,,
0.7937947,160950,,,,,
0.79531205,161000,,,,,
0.7471243,161050,,,,,
0.73900354,161100,,,,,
0.81313574,161150,,,,,
0.7702506,161200,,,,,
0.91342777,161250,,,,,
0.7957252,161300,,,,,
0.6657839,161350,,,,,
0.93124104,161400,,,,,
0.7903742,161450,,,,,
0.87085044,161500,,,,,
0.7010684,161550,,,,,
0.7237551,161600,,,,,
0.8130928,161650,,,,,
0.67911696,161700,,,,,
0.71812385,161750,,,,,
0.6824183,161800,,,,,
0.76404774,161850,,,,,
0.73838454,161900,,,,,
0.6405523,161950,,,,,
0.7943191,162000,,,,,
0.8171082,162050,,,,,
0.7710625,162100,,,,,
0.8233093,162150,,,,,
0.72855973,162200,,,,,
0.74334514,162250,,,,,
0.62600505,162300,,,,,
0.722159,162350,,,,,
0.81628585,162400,,,,,
0.81244475,162450,,,,,
0.7221741,162500,,,,,
0.8041875,162550,,,,,
0.8359633,162600,,,,,
0.7237069,162650,,,,,
0.8093876,162700,,,,,
0.7141645,162750,,,,,
0.70052767,162800,,,,,
0.71542454,162850,,,,,
0.80067015,162900,,,,,
0.7895607,162950,,,,,
0.7882621,163000,,,,,
0.68286854,163050,,,,,
0.81284297,163100,,,,,
0.7887804,163150,,,,,
0.70510983,163200,,,,,
0.7478986,163250,,,,,
0.7559251,163300,,,,,
0.71066993,163350,,,,,
0.74332595,163400,,,,,
0.7733652,163450,,,,,
0.8741727,163500,,,,,
0.66270256,163550,,,,,
0.71657073,163600,,,,,
0.8027997,163650,,,,,
0.80291784,163700,,,,,
0.7541834,163750,,,,,
0.7478819,163800,,,,,
0.7413124,163850,,,,,
0.77400005,163900,,,,,
0.7261169,163950,,,,,
0.69522685,164000,,,,,
0.7538957,164050,,,,,
0.78358406,164100,,,,,
0.752412,164150,,,,,
0.7379626,164200,,,,,
0.81802404,164250,,,,,
0.71866953,164300,,,,,
0.8325837,164350,,,,,
0.7285287,164400,,,,,
0.76642597,164450,,,,,
0.6738682,164500,,,,,
0.6727059,164550,,,,,
0.79979634,164600,,,,,
0.71676075,164650,,,,,
0.77043664,164700,,,,,
0.8017622,164750,,,,,
0.7927114,164800,,,,,
0.73170805,164850,,,,,
0.7809634,164900,,,,,
0.791548,164950,,,,,
0.6837462,165000,,,,,
0.8067751,165050,,,,,
0.79231226,165100,,,,,
0.79242545,165150,,,,,
0.8708922,165200,,,,,
0.797276,165250,,,,,
0.868665,165300,,,,,
0.73548734,165350,,,,,
0.77776104,165400,,,,,
0.7248565,165450,,,,,
0.68087506,165500,,,,,
0.78998363,165550,,,,,
0.74084437,165600,,,,,
0.84086233,165650,,,,,
0.8269629,165700,,,,,
0.81072116,165750,,,,,
0.8250532,165800,,,,,
0.6731622,165850,,,,,
0.7126834,165900,,,,,
0.71115625,165950,,,,,
0.7968401,166000,,,,,
0.84474826,166050,,,,,
0.8049175,166100,,,,,
0.7854039,166150,,,,,
0.72766674,166200,,,,,
0.7207335,166250,,,,,
0.71427226,166300,,,,,
0.8077854,166350,,,,,
0.8268206,166400,,,,,
0.71774286,166450,,,,,
0.8225676,166500,,,,,
0.799749,166550,,,,,
0.75180393,166600,,,,,
0.7673079,166650,,,,,
0.74305856,166700,,,,,
0.74577415,166750,,,,,
0.69311816,166800,,,,,
0.85334444,166850,,,,,
0.69587666,166900,,,,,
0.77715296,166950,,,,,
0.77283543,167000,,,,,
0.7116113,167050,,,,,
0.8363811,167100,,,,,
0.71276736,167150,,,,,
0.7330752,167200,,,,,
0.81741315,167250,,,,,
0.7678386,167300,,,,,
0.79623395,167350,,,,,
0.88202226,167400,,,,,
0.7855357,167450,,,,,
0.7572096,167500,,,,,
0.8439541,167550,,,,,
0.78274775,167600,,,,,
0.7176898,167650,,,,,
0.77931625,167700,,,,,
0.8594196,167750,,,,,
0.7382783,167800,,,,,
0.74983585,167850,,,,,
0.8843256,167900,,,,,
0.7839808,167950,,,,,
0.6882957,168000,,,,,
0.6511244,168050,,,,,
0.90657145,168100,,,,,
0.7686392,168150,,,,,
0.7486641,168200,,,,,
0.80570656,168250,,,,,
0.8444677,168300,,,,,
0.7395109,168350,,,,,
0.7307681,168400,,,,,
0.7846536,168450,,,,,
0.77233326,168500,,,,,
0.7780799,168550,,,,,
0.8084649,168600,,,,,
0.74710596,168650,,,,,
0.8626804,168700,,,,,
0.7232466,168750,,,,,
0.73162025,168800,,,,,
0.7797891,168850,,,,,
0.8062662,168900,,,,,
0.6767601,168950,,,,,
0.8147443,169000,,,,,
0.7611878,169050,,,,,
0.7683408,169100,,,,,
0.7200831,169150,,,,,
0.6731214,169200,,,,,
0.7397672,169250,,,,,
0.76048076,169300,,,,,
0.76660025,169350,,,,,
0.727564,169400,,,,,
0.86833584,169450,,,,,
0.7354405,169500,,,,,
0.8400686,169550,,,,,
0.80479926,169600,,,,,
0.7586378,169650,,,,,
0.7044671,169700,,,,,
0.7524645,169750,,,,,
0.87342525,169800,,,,,
0.64517295,169850,,,,,
0.91062623,169900,,,,,
0.74403995,169950,,,,,
0.6914706,170000,,,,,
,170000,0.010339741749316454,,,,
,170000,,0.03303588,,,
,170000,,,110.0,,
,170000,,,,3.947946298867464,
0.8671844,170050,,,,,
0.7426106,170100,,,,,
0.8173605,170150,,,,,
0.80614954,170200,,,,,
0.87612975,170250,,,,,
0.83439976,170300,,,,,
0.76214254,170350,,,,,
0.8180536,170400,,,,,
0.743459,170450,,,,,
0.76829624,170500,,,,,
0.8473489,170550,,,,,
0.7242632,170600,,,,,
0.7669583,170650,,,,,
0.71776706,170700,,,,,
0.7336887,170750,,,,,
0.7258471,170800,,,,,
0.7314075,170850,,,,,
0.6887546,170900,,,,,
0.7021249,170950,,,,,
0.85737,171000,,,,,
0.84813184,171050,,,,,
0.6774645,171100,,,,,
0.67574966,171150,,,,,
0.7111837,171200,,,,,
0.802511,171250,,,,,
0.6612476,171300,,,,,
0.7865286,171350,,,,,
0.736362,171400,,,,,
0.66806716,171450,,,,,
0.87479186,171500,,,,,
0.8550211,171550,,,,,
0.789032,171600,,,,,
0.68883586,171650,,,,,
0.8298733,171700,,,,,
0.8241853,171750,,,,,
0.7692359,171800,,,,,
0.69427806,171850,,,,,
0.6391764,171900,,,,,
0.7735462,171950,,,,,
0.82179415,172000,,,,,
0.7064115,172050,,,,,
0.7666477,172100,,,,,
0.72644913,172150,,,,,
0.7807417,172200,,,,,
0.75049675,172250,,,,,
0.7244862,172300,,,,,
0.79241705,172350,,,,,
0.75582266,172400,,,,,
0.7667758,172450,,,,,
0.7411643,172500,,,,,
0.80112267,172550,,,,,
0.8045025,172600,,,,,
0.7908708,172650,,,,,
0.8004652,172700,,,,,
0.6740763,172750,,,,,
0.7865044,172800,,,,,
0.8216988,172850,,,,,
0.88083005,172900,,,,,
0.8139465,172950,,,,,
0.7893274,173000,,,,,
0.81504416,173050,,,,,
0.8069514,173100,,,,,
0.7657147,173150,,,,,
0.7703075,173200,,,,,
0.7539561,173250,,,,,
0.73862576,173300,,,,,
0.7848829,173350,,,,,
0.64711654,173400,,,,,
0.85737354,173450,,,,,
0.8928628,173500,,,,,
0.70667934,173550,,,,,
0.67815226,173600,,,,,
0.76957774,173650,,,,,
0.7735939,173700,,,,,
0.7747956,173750,,,,,
0.8369605,173800,,,,,
0.75064564,173850,,,,,
0.8340895,173900,,,,,
0.8067113,173950,,,,,
0.7709724,174000,,,,,
0.670454,174050,,,,,
0.71365523,174100,,,,,
0.826477,174150,,,,,
0.7457651,174200,,,,,
0.739696,174250,,,,,
0.7525746,174300,,,,,
0.71853065,174350,,,,,
0.7519721,174400,,,,,
0.7484148,174450,,,,,
0.78202164,174500,,,,,
0.730167,174550,,,,,
0.7584641,174600,,,,,
0.8006742,174650,,,,,
0.74317634,174700,,,,,
0.70123714,174750,,,,,
0.75119597,174800,,,,,
0.7793789,174850,,,,,
0.7442353,174900,,,,,
0.8758844,174950,,,,,
0.7966316,175000,,,,,
0.7352481,175050,,,,,
0.7998307,175100,,,,,
0.7868579,175150,,,,,
0.7616774,175200,,,,,
0.7813893,175250,,,,,
0.7404374,175300,,,,,
0.7231947,175350,,,,,
0.82500076,175400,,,,,
0.8309287,175450,,,,,
0.88598645,175500,,,,,
0.75848985,175550,,,,,
0.7724316,175600,,,,,
0.80065674,175650,,,,,
0.8032333,175700,,,,,
0.7903401,175750,,,,,
0.95728636,175800,,,,,
0.8013349,175850,,,,,
0.83819985,175900,,,,,
0.8075605,175950,,,,,
0.7047412,176000,,,,,
0.7511811,176050,,,,,
0.7017162,176100,,,,,
0.8229853,176150,,,,,
0.7960067,176200,,,,,
0.7163265,176250,,,,,
0.77784824,176300,,,,,
0.77239716,176350,,,,,
0.7717235,176400,,,,,
0.96040916,176450,,,,,
0.7727804,176500,,,,,
0.7400335,176550,,,,,
0.82256246,176600,,,,,
0.73761696,176650,,,,,
0.7314333,176700,,,,,
0.7353059,176750,,,,,
0.74884117,176800,,,,,
0.7944459,176850,,,,,
0.8009274,176900,,,,,
0.75906986,176950,,,,,
0.7459606,177000,,,,,
0.68661296,177050,,,,,
0.76868093,177100,,,,,
0.7414485,177150,,,,,
0.7080535,177200,,,,,
0.78237754,177250,,,,,
0.7347183,177300,,,,,
0.85387313,177350,,,,,
0.7840991,177400,,,,,
0.7523637,177450,,,,,
0.6569269,177500,,,,,
0.7966401,177550,,,,,
0.695806,177600,,,,,
0.6960026,177650,,,,,
0.7034317,177700,,,,,
0.7138132,177750,,,,,
0.8156831,177800,,,,,
0.69904476,177850,,,,,
0.7798753,177900,,,,,
0.7809146,177950,,,,,
0.7771724,178000,,,,,
0.8184935,178050,,,,,
0.8561758,178100,,,,,
0.70711625,178150,,,,,
0.77327335,178200,,,,,
0.78620577,178250,,,,,
0.7395783,178300,,,,,
0.813233,178350,,,,,
0.7892006,178400,,,,,
0.7588746,178450,,,,,
0.70685506,178500,,,,,
0.77349555,178550,,,,,
0.7520718,178600,,,,,
0.74122626,178650,,,,,
0.74157095,178700,,,,,
0.7940136,178750,,,,,
0.8546328,178800,,,,,
0.81089884,178850,,,,,
0.7655368,178900,,,,,
0.83840317,178950,,,,,
0.8805018,179000,,,,,
0.83409584,179050,,,,,
0.7773191,179100,,,,,
0.83328,179150,,,,,
0.8247247,179200,,,,,
0.78154856,179250,,,,,
0.8273884,179300,,,,,
0.7886989,179350,,,,,
0.8404603,179400,,,,,
0.78489304,179450,,,,,
0.6599406,179500,,,,,
0.8189337,179550,,,,,
0.64782566,179600,,,,,
0.75887966,179650,,,,,
0.8037125,179700,,,,,
0.7505799,179750,,,,,
0.8326343,179800,,,,,
0.7702075,179850,,,,,
0.75820327,179900,,,,,
0.8738493,179950,,,,,
0.8452857,180000,,,,,
,180000,0.010425415404140949,,,,
,180000,,0.023568675,,,
,180000,,,113.0,,
,180000,,,,3.853977967053652,
0.81842685,180050,,,,,
0.76588964,180100,,,,,
0.77734655,180150,,,,,
0.7826455,180200,,,,,
0.7527394,180250,,,,,
0.673612,180300,,,,,
0.7476124,180350,,,,,
0.73583245,180400,,,,,
0.7861446,180450,,,,,
0.71723175,180500,,,,,
0.6689031,180550,,,,,
0.7641001,180600,,,,,
0.7777512,180650,,,,,
0.73054075,180700,,,,,
0.702019,180750,,,,,
0.73116755,180800,,,,,
0.8030332,180850,,,,,
0.65447444,180900,,,,,
0.9143779,180950,,,,,
0.7178258,181000,,,,,
0.6603211,181050,,,,,
0.7382643,181100,,,,,
0.7634754,181150,,,,,
0.8301956,181200,,,,,
0.7187203,181250,,,,,
0.73676574,181300,,,,,
0.707914,181350,,,,,
0.6436579,181400,,,,,
0.8402077,181450,,,,,
0.7999146,181500,,,,,
0.7497738,181550,,,,,
0.84342414,181600,,,,,
0.7571739,181650,,,,,
0.6639099,181700,,,,,
0.75249475,181750,,,,,
0.81177723,181800,,,,,
0.7192527,181850,,,,,
0.7545067,181900,,,,,
0.7123304,181950,,,,,
0.714895,182000,,,,,
0.7966082,182050,,,,,
0.6546973,182100,,,,,
0.78778154,182150,,,,,
0.8116713,182200,,,,,
0.7808018,182250,,,,,
0.73722595,182300,,,,,
0.737742,182350,,,,,
0.6555099,182400,,,,,
0.75656134,182450,,,,,
0.7967973,182500,,,,,
0.72888553,182550,,,,,
0.7799344,182600,,,,,
0.78923285,182650,,,,,
0.7860069,182700,,,,,
0.7913984,182750,,,,,
0.8069484,182800,,,,,
0.70251155,182850,,,,,
0.7451769,182900,,,,,
0.78144443,182950,,,,,
0.6896713,183000,,,,,
0.6739865,183050,,,,,
0.73228115,183100,,,,,
0.71898353,183150,,,,,
0.7273679,183200,,,,,
0.68934065,183250,,,,,
0.76462394,183300,,,,,
0.81309164,183350,,,,,
0.7843034,183400,,,,,
0.7696544,183450,,,,,
0.6748009,183500,,,,,
0.768304,183550,,,,,
0.7601559,183600,,,,,
0.7893684,183650,,,,,
0.76132405,183700,,,,,
0.8490352,183750,,,,,
0.7918051,183800,,,,,
0.73292536,183850,,,,,
0.7664998,183900,,,,,
0.83384645,183950,,,,,
0.7598919,184000,,,,,
0.7386569,184050,,,,,
0.7310451,184100,,,,,
0.86071527,184150,,,,,
0.76396453,184200,,,,,
0.7517101,184250,,,,,
0.76625997,184300,,,,,
0.7803286,184350,,,,,
0.82413316,184400,,,,,
0.7441286,184450,,,,,
0.82594705,184500,,,,,
0.7276654,184550,,,,,
0.78097,184600,,,,,
0.7505245,184650,,,,,
0.724942,184700,,,,,
0.75548506,184750,,,,,
0.7463598,184800,,,,,
0.8707199,184850,,,,,
0.7940899,184900,,,,,
0.71638167,184950,,,,,
0.8307971,185000,,,,,
0.7923042,185050,,,,,
0.8102574,185100,,,,,
0.79175127,185150,,,,,
0.7845964,185200,,,,,
0.751997,185250,,,,,
0.7268925,185300,,,,,
0.71260923,185350,,,,,
0.68297064,185400,,,,,
0.75451505,185450,,,,,
0.74206436,185500,,,,,
0.7404157,185550,,,,,
0.75352764,185600,,,,,
0.86818117,185650,,,,,
0.8035361,185700,,,,,
0.81512606,185750,,,,,
0.76468235,185800,,,,,
0.80862945,185850,,,,,
0.6749828,185900,,,,,
0.8573984,185950,,,,,
0.84178954,186000,,,,,
0.63408196,186050,,,,,
0.7057519,186100,,,,,
0.88773865,186150,,,,,
0.7794023,186200,,,,,
0.8276515,186250,,,,,
0.77168524,186300,,,,,
0.66633004,186350,,,,,
0.80945206,186400,,,,,
0.774002,186450,,,,,
0.79015386,186500,,,,,
0.6717515,186550,,,,,
0.7997661,186600,,,,,
0.7553295,186650,,,,,
0.8360809,186700,,,,,
0.81646734,186750,,,,,
0.90616405,186800,,,,,
0.6842288,186850,,,,,
0.89180195,186900,,,,,
0.7510762,186950,,,,,
0.7554015,187000,,,,,
0.74018615,187050,,,,,
0.7683115,187100,,,,,
0.8511507,187150,,,,,
0.7509277,187200,,,,,
0.6972625,187250,,,,,
0.76294196,187300,,,,,
0.7851097,187350,,,,,
0.779009,187400,,,,,
0.78460157,187450,,,,,
0.7930068,187500,,,,,
0.7456613,187550,,,,,
0.76326907,187600,,,,,
0.761691,187650,,,,,
0.7426655,187700,,,,,
0.79330754,187750,,,,,
0.7625812,187800,,,,,
0.86457276,187850,,,,,
0.7344012,187900,,,,,
0.8273057,187950,,,,,
0.78191125,188000,,,,,
0.77498555,188050,,,,,
0.81463104,188100,,,,,
0.8066539,188150,,,,,
0.780532,188200,,,,,
0.8193882,188250,,,,,
0.8121241,188300,,,,,
0.80738306,188350,,,,,
0.6974564,188400,,,,,
0.7359363,188450,,,,,
0.8038104,188500,,,,,
0.69844955,188550,,,,,
0.84616303,188600,,,,,
0.8044077,188650,,,,,
0.84676385,188700,,,,,
0.83466244,188750,,,,,
0.64125323,188800,,,,,
0.87825745,188850,,,,,
0.77511084,188900,,,,,
0.79282,188950,,,,,
0.6562867,189000,,,,,
0.7951875,189050,,,,,
0.75082505,189100,,,,,
0.8195808,189150,,,,,
0.7321353,189200,,,,,
0.8101904,189250,,,,,
0.7361183,189300,,,,,
0.6845349,189350,,,,,
0.833831,189400,,,,,
0.7752739,189450,,,,,
0.71782565,189500,,,,,
0.79657286,189550,,,,,
0.8333983,189600,,,,,
0.6754406,189650,,,,,
0.7609941,189700,,,,,
0.65952337,189750,,,,,
0.74618673,189800,,,,,
0.7392517,189850,,,,,
0.718904,189900,,,,,
0.7508373,189950,,,,,
0.756714,190000,,,,,
,190000,0.010474538384005427,,,,
,190000,,0.04041605,,,
,190000,,,119.0,,
,190000,,,,3.9592518657445908,
0.7749063,190050,,,,,
0.7168737,190100,,,,,
0.7910296,190150,,,,,
0.65227103,190200,,,,,
0.7589094,190250,,,,,
0.75504434,190300,,,,,
0.88127756,190350,,,,,
0.75113535,190400,,,,,
0.74688953,190450,,,,,
0.80952436,190500,,,,,
0.71282995,190550,,,,,
0.774999,190600,,,,,
0.7750356,190650,,,,,
0.8196331,190700,,,,,
0.74897826,190750,,,,,
0.7349981,190800,,,,,
0.76095605,190850,,,,,
0.6691149,190900,,,,,
0.7614658,190950,,,,,
0.7762819,191000,,,,,
0.835638,191050,,,,,
0.7340425,191100,,,,,
0.73252296,191150,,,,,
0.8293953,191200,,,,,
0.68482846,191250,,,,,
0.7487377,191300,,,,,
0.7185882,191350,,,,,
0.6984074,191400,,,,,
0.74375725,191450,,,,,
0.7277847,191500,,,,,
0.79202604,191550,,,,,
0.84179354,191600,,,,,
0.769523,191650,,,,,
0.73491466,191700,,,,,
0.79874605,191750,,,,,
0.73828834,191800,,,,,
0.8794726,191850,,,,,
0.6943668,191900,,,,,
0.76452255,191950,,,,,
0.68952227,192000,,,,,
0.6900226,192050,,,,,
0.80477536,192100,,,,,
0.72287726,192150,,,,,
0.81294537,192200,,,,,
0.7740389,192250,,,,,
0.77007806,192300,,,,,
0.7622754,192350,,,,,
0.66570437,192400,,,,,
0.7865449,192450,,,,,
0.6704291,192500,,,,,
0.73374003,192550,,,,,
0.7580353,192600,,,,,
0.8773841,192650,,,,,
0.87007517,192700,,,,,
0.78974503,192750,,,,,
0.78072375,192800,,,,,
0.8049309,192850,,,,,
0.8333806,192900,,,,,
0.8085347,192950,,,,,
0.74199736,193000,,,,,
0.80106163,193050,,,,,
0.765572,193100,,,,,
0.7222696,193150,,,,,
0.7980565,193200,,,,,
0.78587687,193250,,,,,
0.7999372,193300,,,,,
0.7487259,193350,,,,,
0.8220636,193400,,,,,
0.77015114,193450,,,,,
0.7384328,193500,,,,,
0.7886121,193550,,,,,
0.84516406,193600,,,,,
0.7424052,193650,,,,,
0.7937315,193700,,,,,
0.749063,193750,,,,,
0.8270393,193800,,,,,
0.884768,193850,,,,,
0.763994,193900,,,,,
0.8597872,193950,,,,,
0.7770573,194000,,,,,
0.78707564,194050,,,,,
0.7879115,194100,,,,,
0.7672421,194150,,,,,
0.74113464,194200,,,,,
0.7535123,194250,,,,,
0.7443119,194300,,,,,
0.75681484,194350,,,,,
0.75792116,194400,,,,,
0.7161447,194450,,,,,
0.685765,194500,,,,,
0.81713766,194550,,,,,
0.6644482,194600,,,,,
0.7491542,194650,,,,,
0.72652495,194700,,,,,
0.70388913,194750,,,,,
0.7505896,194800,,,,,
0.77000403,194850,,,,,
0.6894985,194900,,,,,
0.6524241,194950,,,,,
0.75756884,195000,,,,,
0.7594454,195050,,,,,
0.650044,195100,,,,,
0.78131884,195150,,,,,
0.778756,195200,,,,,
0.73308575,195250,,,,,
0.8137561,195300,,,,,
0.68729734,195350,,,,,
0.75719756,195400,,,,,
0.76320505,195450,,,,,
0.9071717,195500,,,,,
0.7779486,195550,,,,,
0.7035513,195600,,,,,
0.8189657,195650,,,,,
0.8415008,195700,,,,,
0.66699606,195750,,,,,
0.83165514,195800,,,,,
0.6267226,195850,,,,,
0.78524655,195900,,,,,
0.62837934,195950,,,,,
0.80194455,196000,,,,,
0.79262054,196050,,,,,
0.7336836,196100,,,,,
0.7824638,196150,,,,,
0.759773,196200,,,,,
0.758921,196250,,,,,
0.83301926,196300,,,,,
0.73513275,196350,,,,,
0.68573564,196400,,,,,
0.7932024,196450,,,,,
0.69679135,196500,,,,,
0.79307497,196550,,,,,
0.7563992,196600,,,,,
0.7397778,196650,,,,,
0.8411808,196700,,,,,
0.7369611,196750,,,,,
0.76126665,196800,,,,,
0.8235182,196850,,,,,
0.7723435,196900,,,,,
0.82948756,196950,,,,,
0.7670558,197000,,,,,
0.73915035,197050,,,,,
0.807989,197100,,,,,
0.7556883,197150,,,,,
0.8436916,197200,,,,,
0.7443859,197250,,,,,
0.6904436,197300,,,,,
0.8182432,197350,,,,,
0.7963235,197400,,,,,
0.80812037,197450,,,,,
0.7497609,197500,,,,,
0.78931653,197550,,,,,
0.76639915,197600,,,,,
0.7343327,197650,,,,,
0.8189094,197700,,,,,
0.80825466,197750,,,,,
0.78730154,197800,,,,,
0.76227635,197850,,,,,
0.74360657,197900,,,,,
0.8528547,197950,,,,,
0.85036933,198000,,,,,
0.68251705,198050,,,,,
0.6880735,198100,,,,,
0.73493683,198150,,,,,
0.78673196,198200,,,,,
0.7076274,198250,,,,,
0.74097824,198300,,,,,
0.7535353,198350,,,,,
0.70804876,198400,,,,,
0.7719037,198450,,,,,
0.7462653,198500,,,,,
0.74298906,198550,,,,,
0.6959481,198600,,,,,
0.73121375,198650,,,,,
0.9022819,198700,,,,,
0.8711477,198750,,,,,
0.8100273,198800,,,,,
0.7138852,198850,,,,,
0.7385756,198900,,,,,
0.6919509,198950,,,,,
0.8417299,199000,,,,,
0.7500622,199050,,,,,
0.76982737,199100,,,,,
0.7364465,199150,,,,,
0.79513854,199200,,,,,
0.7554098,199250,,,,,
0.73744786,199300,,,,,
0.6210971,199350,,,,,
0.71398187,199400,,,,,
0.7406638,199450,,,,,
0.8305515,199500,,,,,
0.6992023,199550,,,,,
0.72301126,199600,,,,,
0.76747036,199650,,,,,
0.8764306,199700,,,,,
0.7413241,199750,,,,,
0.8086625,199800,,,,,
0.76664424,199850,,,,,
0.90164745,199900,,,,,
0.9210688,199950,,,,,
0.5953618,200000,,,,,
,200000,0.010426577327772975,,,,
,200000,,0.04382081,,,
,200000,,,116.0,,
,200000,,,,4.06598599627614,
0.6250671,200050,,,,,
0.7405108,200100,,,,,
0.6441056,200150,,,,,
0.79118353,200200,,,,,
0.64813054,200250,,,,,
0.85118496,200300,,,,,
0.61468613,200350,,,,,
0.7365824,200400,,,,,
0.82980394,200450,,,,,
0.74751514,200500,,,,,
0.717134,200550,,,,,
0.69487435,200600,,,,,
0.7410759,200650,,,,,
0.8404797,200700,,,,,
0.72728264,200750,,,,,
0.7903502,200800,,,,,
0.7888787,200850,,,,,
0.7879533,200900,,,,,
0.64293694,200950,,,,,
0.74110353,201000,,,,,
0.7279463,201050,,,,,
0.8145104,201100,,,,,
0.8020778,201150,,,,,
0.81129676,201200,,,,,
0.7952924,201250,,,,,
0.760431,201300,,,,,
0.7509613,201350,,,,,
0.78508747,201400,,,,,
0.77751446,201450,,,,,
0.7061188,201500,,,,,
0.76288736,201550,,,,,
0.77464867,201600,,,,,
0.8484015,201650,,,,,
0.772449,201700,,,,,
0.70051205,201750,,,,,
0.75534517,201800,,,,,
0.76801956,201850,,,,,
0.7384317,201900,,,,,
0.81053936,201950,,,,,
0.83596635,202000,,,,,
0.6525427,202050,,,,,
0.73888165,202100,,,,,
0.6889695,202150,,,,,
0.65784955,202200,,,,,
0.6547305,202250,,,,,
0.7224262,202300,,,,,
0.73690766,202350,,,,,
0.725085,202400,,,,,
0.7253107,202450,,,,,
0.7094103,202500,,,,,
0.6845032,202550,,,,,
0.7056389,202600,,,,,
0.73188263,202650,,,,,
0.85719967,202700,,,,,
0.8264835,202750,,,,,
0.7006371,202800,,,,,
0.7606054,202850,,,,,
0.79404247,202900,,,,,
0.8111734,202950,,,,,
0.8151195,203000,,,,,
0.7326918,203050,,,,,
0.85250825,203100,,,,,
0.7475848,203150,,,,,
0.91745937,203200,,,,,
0.6591661,203250,,,,,
0.73405576,203300,,,,,
0.72391653,203350,,,,,
0.76011455,203400,,,,,
0.68342084,203450,,,,,
0.7949978,203500,,,,,
0.77053094,203550,,,,,
0.8475621,203600,,,,,
0.7742379,203650,,,,,
0.67041945,203700,,,,,
0.76043063,203750,,,,,
0.8456452,203800,,,,,
0.73524606,203850,,,,,
0.6799506,203900,,,,,
0.8366351,203950,,,,,
0.78413135,204000,,,,,
0.7122201,204050,,,,,
0.88402665,204100,,,,,
0.7382351,204150,,,,,
0.82738084,204200,,,,,
0.73280644,204250,,,,,
0.7519764,204300,,,,,
0.9371371,204350,,,,,
0.6902284,204400,,,,,
0.73248696,204450,,,,,
0.8198127,204500,,,,,
0.8436698,204550,,,,,
0.79763776,204600,,,,,
0.8186088,204650,,,,,
0.7992499,204700,,,,,
0.759164,204750,,,,,
0.8975766,204800,,,,,
0.767145,204850,,,,,
0.6975479,204900,,,,,
0.68612325,204950,,,,,
0.6804018,205000,,,,,
0.80829465,205050,,,,,
0.6369097,205100,,,,,
0.7906636,205150,,,,,
0.7778484,205200,,,,,
0.6989336,205250,,,,,
0.8260484,205300,,,,,
0.6828928,205350,,,,,
0.80348396,205400,,,,,
0.7764533,205450,,,,,
0.82198215,205500,,,,,
0.7556435,205550,,,,,
0.79548514,205600,,,,,
0.7891903,205650,,,,,
0.73449427,205700,,,,,
0.9305699,205750,,,,,
0.72236216,205800,,,,,
0.80525166,205850,,,,,
0.7353836,205900,,,,,
0.8641262,205950,,,,,
0.78705686,206000,,,,,
0.71255815,206050,,,,,
0.72204155,206100,,,,,
0.80870384,206150,,,,,
0.77450705,206200,,,,,
0.7658949,206250,,,,,
0.7473054,206300,,,,,
0.8169594,206350,,,,,
0.8830802,206400,,,,,
0.72640395,206450,,,,,
0.86404335,206500,,,,,
0.7681534,206550,,,,,
0.82966095,206600,,,,,
0.7819909,206650,,,,,
0.82128143,206700,,,,,
0.7186991,206750,,,,,
0.7822175,206800,,,,,
0.76893866,206850,,,,,
0.78939205,206900,,,,,
0.7552396,206950,,,,,
0.77126,207000,,,,,
0.7709724,207050,,,,,
0.86250526,207100,,,,,
0.79182875,207150,,,,,
0.8395702,207200,,,,,
0.730147,207250,,,,,
0.73493296,207300,,,,,
0.82812166,207350,,,,,
0.71654713,207400,,,,,
0.8091162,207450,,,,,
0.75403535,207500,,,,,
0.7203323,207550,,,,,
0.7042658,207600,,,,,
0.7128726,207650,,,,,
0.74715596,207700,,,,,
0.85194945,207750,,,,,
0.80702317,207800,,,,,
0.7055348,207850,,,,,
0.7547993,207900,,,,,
0.76247424,207950,,,,,
0.8082395,208000,,,,,
0.74615437,208050,,,,,
0.79438794,208100,,,,,
0.7678745,208150,,,,,
0.77881277,208200,,,,,
0.7122882,208250,,,,,
0.90294564,208300,,,,,
0.8149555,208350,,,,,
0.7820649,208400,,,,,
0.74538887,208450,,,,,
0.67098904,208500,,,,,
0.79404455,208550,,,,,
0.7256437,208600,,,,,
0.7425129,208650,,,,,
0.9003378,208700,,,,,
0.7318692,208750,,,,,
0.7528101,208800,,,,,
0.7312576,208850,,,,,
0.753094,208900,,,,,
0.7345989,208950,,,,,
0.70751846,209000,,,,,
0.7800927,209050,,,,,
0.80013514,209100,,,,,
0.79150283,209150,,,,,
0.7655747,209200,,,,,
0.7119444,209250,,,,,
0.77874804,209300,,,,,
0.7866192,209350,,,,,
0.7550886,209400,,,,,
0.746037,209450,,,,,
0.7237939,209500,,,,,
0.7742801,209550,,,,,
0.7216936,209600,,,,,
0.7889872,209650,,,,,
0.71642625,209700,,,,,
0.85266316,209750,,,,,
0.71493506,209800,,,,,
0.72502446,209850,,,,,
0.7387111,209900,,,,,
0.85055184,209950,,,,,
0.71347713,210000,,,,,
,210000,0.010454048683121801,,,,
,210000,,0.03769648,,,
,210000,,,119.0,,
,210000,,,,3.846405267715454,
0.7978603,210050,,,,,
0.7327198,210100,,,,,
0.7494912,210150,,,,,
0.8275074,210200,,,,,
0.72319376,210250,,,,,
0.84233135,210300,,,,,
0.79364395,210350,,,,,
0.783208,210400,,,,,
0.7545954,210450,,,,,
0.82607365,210500,,,,,
0.7649003,210550,,,,,
0.762924,210600,,,,,
0.73832834,210650,,,,,
0.8129737,210700,,,,,
0.8914714,210750,,,,,
0.8010304,210800,,,,,
0.771054,210850,,,,,
0.8245313,210900,,,,,
0.80444914,210950,,,,,
0.7672833,211000,,,,,
0.7906472,211050,,,,,
0.82524776,211100,,,,,
0.896646,211150,,,,,
0.7460861,211200,,,,,
0.8354603,211250,,,,,
0.69415885,211300,,,,,
0.7696748,211350,,,,,
0.7497387,211400,,,,,
0.8577328,211450,,,,,
0.82150143,211500,,,,,
0.69587505,211550,,,,,
0.9252296,211600,,,,,
0.81671625,211650,,,,,
0.7107482,211700,,,,,
0.7466527,211750,,,,,
0.8215488,211800,,,,,
0.7620363,211850,,,,,
0.73650575,211900,,,,,
0.738444,211950,,,,,
0.75029665,212000,,,,,
0.7791173,212050,,,,,
0.7976206,212100,,,,,
0.75602067,212150,,,,,
0.73849624,212200,,,,,
0.6663977,212250,,,,,
0.81121063,212300,,,,,
0.7507104,212350,,,,,
0.79528004,212400,,,,,
0.80412483,212450,,,,,
0.72672784,212500,,,,,
0.7811029,212550,,,,,
0.74695194,212600,,,,,
0.75024676,212650,,,,,
0.73989546,212700,,,,,
0.772112,212750,,,,,
0.73177755,212800,,,,,
0.7663016,212850,,,,,
0.72367686,212900,,,,,
0.73489344,212950,,,,,
0.71973234,213000,,,,,
0.7803471,213050,,,,,
0.7590629,213100,,,,,
0.7025399,213150,,,,,
0.7978289,213200,,,,,
0.7952677,213250,,,,,
0.7459024,213300,,,,,
0.74879575,213350,,,,,
0.658926,213400,,,,,
0.82007384,213450,,,,,
0.7718271,213500,,,,,
0.7304719,213550,,,,,
0.7594829,213600,,,,,
0.8129522,213650,,,,,
0.7429499,213700,,,,,
0.7560847,213750,,,,,
0.8569441,213800,,,,,
0.773574,213850,,,,,
0.75041264,213900,,,,,
0.7511218,213950,,,,,
0.7740989,214000,,,,,
0.7836815,214050,,,,,
0.6643948,214100,,,,,
0.82790315,214150,,,,,
0.64693296,214200,,,,,
0.65717435,214250,,,,,
0.78482133,214300,,,,,
0.8318688,214350,,,,,
0.7536433,214400,,,,,
0.74967027,214450,,,,,
0.7819954,214500,,,,,
0.73772854,214550,,,,,
0.7559061,214600,,,,,
0.76748145,214650,,,,,
0.7097839,214700,,,,,
0.9214927,214750,,,,,
0.78822863,214800,,,,,
0.91782415,214850,,,,,
0.7699467,214900,,,,,
0.6786934,214950,,,,,
0.7222991,215000,,,,,
0.77322066,215050,,,,,
0.7041328,215100,,,,,
0.767815,215150,,,,,
0.79202217,215200,,,,,
0.742314,215250,,,,,
0.67495275,215300,,,,,
0.7491349,215350,,,,,
0.73552656,215400,,,,,
0.64460206,215450,,,,,
0.70703274,215500,,,,,
0.71919906,215550,,,,,
0.76195264,215600,,,,,
0.70799565,215650,,,,,
0.7935617,215700,,,,,
0.73722494,215750,,,,,
0.8661653,215800,,,,,
0.68899107,215850,,,,,
0.64281476,215900,,,,,
0.7879172,215950,,,,,
0.79599273,216000,,,,,
0.8245573,216050,,,,,
0.8508123,216100,,,,,
0.7734311,216150,,,,,
0.67193735,216200,,,,,
0.7450237,216250,,,,,
0.78426725,216300,,,,,
0.79194,216350,,,,,
0.76162887,216400,,,,,
0.8440195,216450,,,,,
0.67475295,216500,,,,,
0.70269877,216550,,,,,
0.7669231,216600,,,,,
0.8015335,216650,,,,,
0.7452661,216700,,,,,
0.7691442,216750,,,,,
0.7687114,216800,,,,,
0.88729626,216850,,,,,
0.6835004,216900,,,,,
0.6931038,216950,,,,,
0.83107173,217000,,,,,
0.8213185,217050,,,,,
0.7377937,217100,,,,,
0.73601454,217150,,,,,
0.84524846,217200,,,,,
0.71790504,217250,,,,,
0.77659905,217300,,,,,
0.7457672,217350,,,,,
0.78984606,217400,,,,,
0.81002796,217450,,,,,
0.7202331,217500,,,,,
0.75084853,217550,,,,,
0.68271494,217600,,,,,
0.7708985,217650,,,,,
0.7434054,217700,,,,,
0.81144714,217750,,,,,
0.7676156,217800,,,,,
0.81066763,217850,,,,,
0.70063204,217900,,,,,
0.87813216,217950,,,,,
0.8043808,218000,,,,,
0.7154433,218050,,,,,
0.7450238,218100,,,,,
0.7889223,218150,,,,,
0.7522274,218200,,,,,
0.8516376,218250,,,,,
0.65527767,218300,,,,,
0.80559754,218350,,,,,
0.7356447,218400,,,,,
0.67124844,218450,,,,,
0.78510565,218500,,,,,
0.8601343,218550,,,,,
0.7448377,218600,,,,,
0.77208614,218650,,,,,
0.74398947,218700,,,,,
0.74879396,218750,,,,,
0.76449275,218800,,,,,
0.6966237,218850,,,,,
0.7407564,218900,,,,,
0.74221283,218950,,,,,
0.79909205,219000,,,,,
0.73329186,219050,,,,,
0.7903098,219100,,,,,
0.76447475,219150,,,,,
0.8212745,219200,,,,,
0.7858096,219250,,,,,
0.72921073,219300,,,,,
0.8365177,219350,,,,,
0.7430117,219400,,,,,
0.827897,219450,,,,,
0.74284256,219500,,,,,
0.7948937,219550,,,,,
0.7735814,219600,,,,,
0.8023873,219650,,,,,
0.75179255,219700,,,,,
0.85365975,219750,,,,,
0.8375897,219800,,,,,
0.71047634,219850,,,,,
0.8362511,219900,,,,,
0.7797729,219950,,,,,
0.7635947,220000,,,,,
,220000,0.010412642037123441,,,,
,220000,,0.06362715,,,
,220000,,,119.0,,
,220000,,,,3.975912433117628,
0.8589734,220050,,,,,
0.83616,220100,,,,,
0.7474748,220150,,,,,
0.83249104,220200,,,,,
0.69543916,220250,,,,,
0.7785518,220300,,,,,
0.78329647,220350,,,,,
0.74445635,220400,,,,,
0.70943505,220450,,,,,
0.82387537,220500,,,,,
0.7815404,220550,,,,,
0.73269904,220600,,,,,
0.74570346,220650,,,,,
0.7958482,220700,,,,,
0.75334114,220750,,,,,
0.8069165,220800,,,,,
0.7820252,220850,,,,,
0.82746947,220900,,,,,
0.84480596,220950,,,,,
0.78051364,221000,,,,,
0.798216,221050,,,,,
0.86626124,221100,,,,,
0.6710974,221150,,,,,
0.8405837,221200,,,,,
0.7606657,221250,,,,,
0.80529535,221300,,,,,
0.74780554,221350,,,,,
0.8283787,221400,,,,,
0.74421304,221450,,,,,
0.7081548,221500,,,,,
0.75273114,221550,,,,,
0.79464203,221600,,,,,
0.71343154,221650,,,,,
0.74005806,221700,,,,,
0.6980582,221750,,,,,
0.74517375,221800,,,,,
0.5775079,221850,,,,,
0.7529688,221900,,,,,
0.7962278,221950,,,,,
0.705241,222000,,,,,
0.7750104,222050,,,,,
0.78303653,222100,,,,,
0.832132,222150,,,,,
0.8107926,222200,,,,,
0.7892324,222250,,,,,
0.7089518,222300,,,,,
0.7687834,222350,,,,,
0.69244754,222400,,,,,
0.82468873,222450,,,,,
0.8174241,222500,,,,,
0.88752997,222550,,,,,
0.7185427,222600,,,,,
0.7981286,222650,,,,,
0.76157546,222700,,,,,
0.70753074,222750,,,,,
0.7351719,222800,,,,,
0.80790293,222850,,,,,
0.69294906,222900,,,,,
0.8586667,222950,,,,,
0.70287687,223000,,,,,
0.80601245,223050,,,,,
0.79025126,223100,,,,,
0.7593932,223150,,,,,
0.87346566,223200,,,,,
0.83407557,223250,,,,,
0.7796434,223300,,,,,
0.8204771,223350,,,,,
0.7169418,223400,,,,,
0.8038681,223450,,,,,
0.84613836,223500,,,,,
0.7639706,223550,,,,,
0.8424221,223600,,,,,
0.6996454,223650,,,,,
0.8041122,223700,,,,,
0.77814054,223750,,,,,
0.8101215,223800,,,,,
0.74092245,223850,,,,,
0.68822217,223900,,,,,
0.78207535,223950,,,,,
0.79336154,224000,,,,,
0.76588845,224050,,,,,
0.7625371,224100,,,,,
0.7463963,224150,,,,,
0.7569561,224200,,,,,
0.77995145,224250,,,,,
0.7530682,224300,,,,,
0.8075495,224350,,,,,
0.714878,224400,,,,,
0.73379,224450,,,,,
0.81643546,224500,,,,,
0.79759395,224550,,,,,
0.69626164,224600,,,,,
0.70860326,224650,,,,,
0.79472375,224700,,,,,
0.7806481,224750,,,,,
0.7443948,224800,,,,,
0.7536948,224850,,,,,
0.7665785,224900,,,,,
0.8325712,224950,,,,,
0.84243584,225000,,,,,
0.60330534,225050,,,,,
0.81668246,225100,,,,,
0.70826817,225150,,,,,
0.72247386,225200,,,,,
0.8110372,225250,,,,,
0.80831915,225300,,,,,
0.83624744,225350,,,,,
0.6753086,225400,,,,,
0.8333374,225450,,,,,
0.71826935,225500,,,,,
0.7293981,225550,,,,,
0.86856735,225600,,,,,
0.7388618,225650,,,,,
0.6654468,225700,,,,,
0.71304524,225750,,,,,
0.8838416,225800,,,,,
0.7710488,225850,,,,,
0.718445,225900,,,,,
0.81397545,225950,,,,,
0.86792755,226000,,,,,
0.70159197,226050,,,,,
0.7544639,226100,,,,,
0.8124354,226150,,,,,
0.7895069,226200,,,,,
0.79419196,226250,,,,,
0.77439106,226300,,,,,
0.7517363,226350,,,,,
0.7111076,226400,,,,,
0.68014354,226450,,,,,
0.87140965,226500,,,,,
0.7687012,226550,,,,,
0.63883317,226600,,,,,
0.7821168,226650,,,,,
0.7472304,226700,,,,,
0.837176,226750,,,,,
0.8064066,226800,,,,,
0.78710407,226850,,,,,
0.8124264,226900,,,,,
0.8543663,226950,,,,,
0.8152116,227000,,,,,
0.65338385,227050,,,,,
0.75713646,227100,,,,,
0.746101,227150,,,,,
0.73804843,227200,,,,,
0.8051822,227250,,,,,
0.7688107,227300,,,,,
0.828919,227350,,,,,
0.7609135,227400,,,,,
0.74058545,227450,,,,,
0.7652807,227500,,,,,
0.7315835,227550,,,,,
0.74423593,227600,,,,,
0.7250618,227650,,,,,
0.8391273,227700,,,,,
0.78244,227750,,,,,
0.63486284,227800,,,,,
0.6808212,227850,,,,,
0.75386024,227900,,,,,
0.73547995,227950,,,,,
0.78891766,228000,,,,,
0.7276699,228050,,,,,
0.747611,228100,,,,,
0.7217189,228150,,,,,
0.7679521,228200,,,,,
0.8177836,228250,,,,,
0.7746295,228300,,,,,
0.8806863,228350,,,,,
0.8037479,228400,,,,,
0.8124853,228450,,,,,
0.8305743,228500,,,,,
0.7477959,228550,,,,,
0.7488142,228600,,,,,
0.74382716,228650,,,,,
0.79010296,228700,,,,,
0.7540968,228750,,,,,
0.8412186,228800,,,,,
0.83317304,228850,,,,,
0.85725343,228900,,,,,
0.7883626,228950,,,,,
0.7842783,229000,,,,,
0.8632425,229050,,,,,
0.7121613,229100,,,,,
0.7268738,229150,,,,,
0.6989037,229200,,,,,
0.7172982,229250,,,,,
0.83844787,229300,,,,,
0.7663119,229350,,,,,
0.84108174,229400,,,,,
0.8075854,229450,,,,,
0.7327325,229500,,,,,
0.81868,229550,,,,,
0.72086775,229600,,,,,
0.8621883,229650,,,,,
0.7738397,229700,,,,,
0.8108538,229750,,,,,
0.81825304,229800,,,,,
0.8187236,229850,,,,,
0.6538459,229900,,,,,
0.8653262,229950,,,,,
0.8198083,230000,,,,,
,230000,0.010309086471796037,,,,
,230000,,0.07918299,,,
,230000,,,116.0,,
,230000,,,,3.9864418990910053,
0.78495455,230050,,,,,
0.8541434,230100,,,,,
0.73375547,230150,,,,,
0.78664935,230200,,,,,
0.7036891,230250,,,,,
0.8450097,230300,,,,,
0.67547244,230350,,,,,
0.7185084,230400,,,,,
0.66937524,230450,,,,,
0.79654706,230500,,,,,
0.81700253,230550,,,,,
0.70110667,230600,,,,,
0.8187006,230650,,,,,
0.72913206,230700,,,,,
0.6690019,230750,,,,,
0.69895226,230800,,,,,
0.7450012,230850,,,,,
0.70666975,230900,,,,,
0.822511,230950,,,,,
0.73848,231000,,,,,
0.7032193,231050,,,,,
0.6752142,231100,,,,,
0.82209826,231150,,,,,
0.80141634,231200,,,,,
0.76077306,231250,,,,,
0.6962476,231300,,,,,
0.7710036,231350,,,,,
0.7835979,231400,,,,,
0.8047929,231450,,,,,
0.76728106,231500,,,,,
0.7854416,231550,,,,,
0.6948385,231600,,,,,
0.7435899,231650,,,,,
0.701085,231700,,,,,
0.8267384,231750,,,,,
0.7514034,231800,,,,,
0.7725191,231850,,,,,
0.80476314,231900,,,,,
0.85238254,231950,,,,,
0.7308358,232000,,,,,
0.8368585,232050,,,,,
0.76353633,232100,,,,,
0.7654569,232150,,,,,
0.78707117,232200,,,,,
0.7935797,232250,,,,,
0.86295974,232300,,,,,
0.8820381,232350,,,,,
0.68119735,232400,,,,,
0.83012253,232450,,,,,
0.7010987,232500,,,,,
0.79109895,232550,,,,,
0.85961986,232600,,,,,
0.8304713,232650,,,,,
0.8625339,232700,,,,,
0.8311679,232750,,,,,
0.7560823,232800,,,,,
0.685711,232850,,,,,
0.777794,232900,,,,,
0.7370599,232950,,,,,
0.75607264,233000,,,,,
0.823407,233050,,,,,
0.77402645,233100,,,,,
0.732635,233150,,,,,
0.7702544,233200,,,,,
0.8658729,233250,,,,,
0.78259146,233300,,,,,
0.6934657,233350,,,,,
0.82599556,233400,,,,,
0.8097461,233450,,,,,
0.69629484,233500,,,,,
0.69020987,233550,,,,,
0.7721872,233600,,,,,
0.7419877,233650,,,,,
0.73519516,233700,,,,,
0.8205912,233750,,,,,
0.7709769,233800,,,,,
0.85598457,233850,,,,,
0.77730656,233900,,,,,
0.784503,233950,,,,,
0.72694767,234000,,,,,
0.8089096,234050,,,,,
0.7225352,234100,,,,,
0.75073147,234150,,,,,
0.7944909,234200,,,,,
0.7911269,234250,,,,,
0.71867204,234300,,,,,
0.73027956,234350,,,,,
0.76968145,234400,,,,,
0.7856697,234450,,,,,
0.78685594,234500,,,,,
0.8060266,234550,,,,,
0.78730375,234600,,,,,
0.69590545,234650,,,,,
0.7771056,234700,,,,,
0.8974924,234750,,,,,
0.82767737,234800,,,,,
0.72533053,234850,,,,,
0.7326324,234900,,,,,
0.74004763,234950,,,,,
0.7610388,235000,,,,,
0.73877835,235050,,,,,
0.70144194,235100,,,,,
0.78596836,235150,,,,,
0.7661576,235200,,,,,
0.7587672,235250,,,,,
0.71507645,235300,,,,,
0.72094524,235350,,,,,
0.7045544,235400,,,,,
0.71033514,235450,,,,,
0.768723,235500,,,,,
0.76039433,235550,,,,,
0.75150704,235600,,,,,
0.6660336,235650,,,,,
0.80483586,235700,,,,,
0.69271255,235750,,,,,
0.67599064,235800,,,,,
0.72042733,235850,,,,,
0.6835644,235900,,,,,
0.7224678,235950,,,,,
0.68998075,236000,,,,,
0.85738206,236050,,,,,
0.74127555,236100,,,,,
0.7440077,236150,,,,,
0.78101104,236200,,,,,
0.7598389,236250,,,,,
0.8645698,236300,,,,,
0.8972267,236350,,,,,
0.7402056,236400,,,,,
0.9050982,236450,,,,,
0.9272257,236500,,,,,
0.76293933,236550,,,,,
0.8305229,236600,,,,,
0.7346499,236650,,,,,
0.81234336,236700,,,,,
0.7572627,236750,,,,,
0.71307683,236800,,,,,
0.7693135,236850,,,,,
0.8356141,236900,,,,,
0.75051063,236950,,,,,
0.74654317,237000,,,,,
0.7675712,237050,,,,,
0.8309574,237100,,,,,
0.78772014,237150,,,,,
0.8073318,237200,,,,,
0.7496544,237250,,,,,
0.7795461,237300,,,,,
0.70219797,237350,,,,,
0.827101,237400,,,,,
0.82215816,237450,,,,,
0.7583647,237500,,,,,
0.6920845,237550,,,,,
0.76047635,237600,,,,,
0.73041856,237650,,,,,
0.7243078,237700,,,,,
0.7737766,237750,,,,,
0.74646115,237800,,,,,
0.7527797,237850,,,,,
0.7634331,237900,,,,,
0.73786205,237950,,,,,
0.686612,238000,,,,,
0.693512,238050,,,,,
0.8560453,238100,,,,,
0.79230905,238150,,,,,
0.74732137,238200,,,,,
0.88442254,238250,,,,,
0.71255326,238300,,,,,
0.881893,238350,,,,,
0.7077697,238400,,,,,
0.73330325,238450,,,,,
0.7529434,238500,,,,,
0.8411669,238550,,,,,
0.7455612,238600,,,,,
0.6689885,238650,,,,,
0.71832097,238700,,,,,
0.6807661,238750,,,,,
0.735303,238800,,,,,
0.63539195,238850,,,,,
0.6738656,238900,,,,,
0.77308273,238950,,,,,
0.7432386,239000,,,,,
0.74083227,239050,,,,,
0.7398493,239100,,,,,
0.7854781,239150,,,,,
0.7809027,239200,,,,,
0.8326408,239250,,,,,
0.7023457,239300,,,,,
0.78788686,239350,,,,,
0.7540019,239400,,,,,
0.7790582,239450,,,,,
0.68186176,239500,,,,,
0.74738765,239550,,,,,
0.7052534,239600,,,,,
0.8043697,239650,,,,,
0.7293762,239700,,,,,
0.6872281,239750,,,,,
0.77023244,239800,,,,,
0.73592794,239850,,,,,
0.8351298,239900,,,,,
0.73102665,239950,,,,,
0.8398632,240000,,,,,
,240000,0.010289601907134056,,,,
,240000,,0.06725601,,,
,240000,,,116.0,,
,240000,,,,3.815107386559248,
0.76011956,240050,,,,,
0.78096807,240100,,,,,
0.75947386,240150,,,,,
0.79212487,240200,,,,,
0.7180959,240250,,,,,
0.8329306,240300,,,,,
0.8676622,240350,,,,,
0.72727257,240400,,,,,
0.7208439,240450,,,,,
0.8055094,240500,,,,,
0.8158028,240550,,,,,
0.8228234,240600,,,,,
0.8112696,240650,,,,,
0.7443932,240700,,,,,
0.8268329,240750,,,,,
0.79708415,240800,,,,,
0.72140366,240850,,,,,
0.7589822,240900,,,,,
0.72583187,240950,,,,,
0.84157264,241000,,,,,
0.8120562,241050,,,,,
0.82242656,241100,,,,,
0.7602222,241150,,,,,
0.7627126,241200,,,,,
0.84392244,241250,,,,,
0.7039796,241300,,,,,
0.6711445,241350,,,,,
0.74555755,241400,,,,,
0.7375174,241450,,,,,
0.8596535,241500,,,,,
0.785354,241550,,,,,
0.6575706,241600,,,,,
0.79861045,241650,,,,,
0.7836325,241700,,,,,
0.71366906,241750,,,,,
0.7664851,241800,,,,,
0.7018048,241850,,,,,
0.7992368,241900,,,,,
0.74133635,241950,,,,,
0.7243046,242000,,,,,
0.8219115,242050,,,,,
0.7418877,242100,,,,,
0.7103529,242150,,,,,
0.7185905,242200,,,,,
0.8346529,242250,,,,,
0.7617923,242300,,,,,
0.7434138,242350,,,,,
0.7131303,242400,,,,,
0.78050923,242450,,,,,
0.693008,242500,,,,,
0.7200135,242550,,,,,
0.73672944,242600,,,,,
0.94284976,242650,,,,,
0.7657792,242700,,,,,
0.74793124,242750,,,,,
0.75441396,242800,,,,,
0.7306157,242850,,,,,
0.74585986,242900,,,,,
0.72722447,242950,,,,,
0.6802636,243000,,,,,
0.7443744,243050,,,,,
0.7867788,243100,,,,,
0.83209217,243150,,,,,
0.82357967,243200,,,,,
0.78791296,243250,,,,,
0.6531658,243300,,,,,
0.87088215,243350,,,,,
0.66091144,243400,,,,,
0.78438365,243450,,,,,
0.67443985,243500,,,,,
0.7579285,243550,,,,,
0.7596694,243600,,,,,
0.8085538,243650,,,,,
0.7772069,243700,,,,,
0.90098476,243750,,,,,
0.754338,243800,,,,,
0.80408835,243850,,,,,
0.7920084,243900,,,,,
0.7477125,243950,,,,,
0.7737531,244000,,,,,
0.8686682,244050,,,,,
0.6408396,244100,,,,,
0.78793657,244150,,,,,
0.7597897,244200,,,,,
0.7781817,244250,,,,,
0.82890314,244300,,,,,
0.6837084,244350,,,,,
0.7502067,244400,,,,,
0.7689723,244450,,,,,
0.74423766,244500,,,,,
0.77951247,244550,,,,,
0.70981145,244600,,,,,
0.8437042,244650,,,,,
0.6686473,244700,,,,,
0.669256,244750,,,,,
0.78092355,244800,,,,,
0.8130008,244850,,,,,
0.80084527,244900,,,,,
0.73224795,244950,,,,,
0.88468283,245000,,,,,
0.8110381,245050,,,,,
0.70706534,245100,,,,,
0.74137366,245150,,,,,
0.8443211,245200,,,,,
0.6587939,245250,,,,,
0.7837519,245300,,,,,
0.76537865,245350,,,,,
0.72742593,245400,,,,,
0.8384899,245450,,,,,
0.7907512,245500,,,,,
0.6565386,245550,,,,,
0.7816477,245600,,,,,
0.75527483,245650,,,,,
0.7865336,245700,,,,,
0.7242081,245750,,,,,
0.8183232,245800,,,,,
0.75053567,245850,,,,,
0.77878565,245900,,,,,
0.79421884,245950,,,,,
0.746222,246000,,,,,
0.7166773,246050,,,,,
0.8623189,246100,,,,,
0.8036977,246150,,,,,
0.82084495,246200,,,,,
0.7728219,246250,,,,,
0.7631069,246300,,,,,
0.749933,246350,,,,,
0.66027015,246400,,,,,
0.758782,246450,,,,,
0.757439,246500,,,,,
0.77098596,246550,,,,,
0.7034473,246600,,,,,
0.8246319,246650,,,,,
0.80131525,246700,,,,,
0.8286432,246750,,,,,
0.70853245,246800,,,,,
0.7498349,246850,,,,,
0.72364855,246900,,,,,
0.8224268,246950,,,,,
0.7429785,247000,,,,,
0.92375225,247050,,,,,
0.7796463,247100,,,,,
0.7412965,247150,,,,,
0.75467575,247200,,,,,
0.69448817,247250,,,,,
0.77528715,247300,,,,,
0.851104,247350,,,,,
0.80872977,247400,,,,,
0.742725,247450,,,,,
0.7650196,247500,,,,,
0.77517843,247550,,,,,
0.92146516,247600,,,,,
0.74443233,247650,,,,,
0.7830029,247700,,,,,
0.8917001,247750,,,,,
0.67641705,247800,,,,,
0.7875522,247850,,,,,
0.7350825,247900,,,,,
0.8304472,247950,,,,,
0.87599516,248000,,,,,
0.65967333,248050,,,,,
0.7590123,248100,,,,,
0.824858,248150,,,,,
0.6991588,248200,,,,,
0.818748,248250,,,,,
0.6523824,248300,,,,,
0.89205474,248350,,,,,
0.8163095,248400,,,,,
0.7182747,248450,,,,,
0.7573545,248500,,,,,
0.67097837,248550,,,,,
0.7135514,248600,,,,,
0.7442144,248650,,,,,
0.9134483,248700,,,,,
0.66924495,248750,,,,,
0.80802226,248800,,,,,
0.7166646,248850,,,,,
0.7451601,248900,,,,,
0.8126755,248950,,,,,
0.74568546,249000,,,,,
0.8408375,249050,,,,,
0.7785156,249100,,,,,
0.75426763,249150,,,,,
0.7821814,249200,,,,,
0.89970213,249250,,,,,
0.7874228,249300,,,,,
0.80153114,249350,,,,,
0.763314,249400,,,,,
0.71586996,249450,,,,,
0.78045475,249500,,,,,
0.7726493,249550,,,,,
0.7326156,249600,,,,,
0.6468483,249650,,,,,
0.8633223,249700,,,,,
0.8287616,249750,,,,,
0.7797648,249800,,,,,
0.7087033,249850,,,,,
0.7351228,249900,,,,,
0.7522106,249950,,,,,
0.75139713,250000,,,,,
,250000,0.010393426460400224,,,,
,250000,,0.08321951,,,
,250000,,,122.0,,
,250000,,,,3.9507933259010315,
0.78678215,250050,,,,,
0.86826473,250100,,,,,
0.7415385,250150,,,,,
0.75679463,250200,,,,,
0.70728064,250250,,,,,
0.8070783,250300,,,,,
0.92723286,250350,,,,,
0.74201417,250400,,,,,
0.8019165,250450,,,,,
0.72477525,250500,,,,,
0.7574254,250550,,,,,
0.8038622,250600,,,,,
0.7051289,250650,,,,,
0.7217269,250700,,,,,
0.7283667,250750,,,,,
0.7833338,250800,,,,,
0.8419037,250850,,,,,
0.7186136,250900,,,,,
0.82033706,250950,,,,,
0.7326546,251000,,,,,
0.6985692,251050,,,,,
0.8283161,251100,,,,,
0.725993,251150,,,,,
0.7384388,251200,,,,,
0.7655092,251250,,,,,
0.7312116,251300,,,,,
0.84636176,251350,,,,,
0.71124136,251400,,,,,
0.77777684,251450,,,,,
0.81715894,251500,,,,,
0.796382,251550,,,,,
0.79195154,251600,,,,,
0.7050352,251650,,,,,
0.7639855,251700,,,,,
0.8069688,251750,,,,,
0.7175424,251800,,,,,
0.7841958,251850,,,,,
0.7430753,251900,,,,,
0.88723713,251950,,,,,
0.8157593,252000,,,,,
0.68720603,252050,,,,,
0.7748935,252100,,,,,
0.74933493,252150,,,,,
0.83940893,252200,,,,,
0.7903341,252250,,,,,
0.9526145,252300,,,,,
0.71934885,252350,,,,,
0.6918852,252400,,,,,
0.84303486,252450,,,,,
0.70902056,252500,,,,,
0.8183759,252550,,,,,
0.6307085,252600,,,,,
0.77761364,252650,,,,,
0.79246897,252700,,,,,
0.7161806,252750,,,,,
0.82191986,252800,,,,,
0.7966692,252850,,,,,
0.68892086,252900,,,,,
0.93458134,252950,,,,,
0.69939756,253000,,,,,
0.8198896,253050,,,,,
0.71402526,253100,,,,,
0.77741057,253150,,,,,
0.75555503,253200,,,,,
0.8584496,253250,,,,,
0.67843354,253300,,,,,
0.82982165,253350,,,,,
0.75600404,253400,,,,,
0.71058625,253450,,,,,
0.6439024,253500,,,,,
0.7431023,253550,,,,,
0.69623816,253600,,,,,
0.74283993,253650,,,,,
0.79226696,253700,,,,,
0.7013373,253750,,,,,
0.7460569,253800,,,,,
0.74390775,253850,,,,,
0.78017926,253900,,,,,
0.74942803,253950,,,,,
0.69931155,254000,,,,,
0.81236714,254050,,,,,
0.8332287,254100,,,,,
0.7846993,254150,,,,,
0.7974781,254200,,,,,
0.7165394,254250,,,,,
0.7667833,254300,,,,,
0.7820017,254350,,,,,
0.7619795,254400,,,,,
0.78829384,254450,,,,,
0.79034084,254500,,,,,
0.921922,254550,,,,,
0.6776155,254600,,,,,
0.8132269,254650,,,,,
0.7161403,254700,,,,,
0.83535945,254750,,,,,
0.72089094,254800,,,,,
0.7509029,254850,,,,,
0.7671192,254900,,,,,
0.8537552,254950,,,,,
0.75057685,255000,,,,,
0.7237176,255050,,,,,
0.7143489,255100,,,,,
0.7937549,255150,,,,,
0.7401118,255200,,,,,
0.6958333,255250,,,,,
0.77050114,255300,,,,,
0.7726689,255350,,,,,
0.7148425,255400,,,,,
0.74180484,255450,,,,,
0.8480352,255500,,,,,
0.8467263,255550,,,,,
0.69561875,255600,,,,,
0.77441156,255650,,,,,
0.8367713,255700,,,,,
0.6918318,255750,,,,,
0.8827116,255800,,,,,
0.76653427,255850,,,,,
0.7787502,255900,,,,,
0.7981582,255950,,,,,
0.7201571,256000,,,,,
0.79375565,256050,,,,,
0.79106486,256100,,,,,
0.9207885,256150,,,,,
0.8796645,256200,,,,,
0.73385215,256250,,,,,
0.75475657,256300,,,,,
0.8445393,256350,,,,,
0.75822866,256400,,,,,
0.7733555,256450,,,,,
0.8164185,256500,,,,,
0.7644216,256550,,,,,
0.76330405,256600,,,,,
0.7094076,256650,,,,,
0.8825552,256700,,,,,
0.7773872,256750,,,,,
0.6814981,256800,,,,,
0.6416147,256850,,,,,
0.8178268,256900,,,,,
0.83949184,256950,,,,,
0.72305673,257000,,,,,
0.7490976,257050,,,,,
0.77962023,257100,,,,,
0.6737612,257150,,,,,
0.6743193,257200,,,,,
0.7968433,257250,,,,,
0.71223617,257300,,,,,
0.8890453,257350,,,,,
0.7101899,257400,,,,,
0.7289355,257450,,,,,
0.7833805,257500,,,,,
0.6639396,257550,,,,,
0.7435081,257600,,,,,
0.6919389,257650,,,,,
0.7156624,257700,,,,,
0.8029961,257750,,,,,
0.826961,257800,,,,,
0.6326208,257850,,,,,
0.8406482,257900,,,,,
0.79925954,257950,,,,,
0.7995192,258000,,,,,
0.75235057,258050,,,,,
0.74242806,258100,,,,,
0.74906635,258150,,,,,
0.75426733,258200,,,,,
0.73935544,258250,,,,,
0.82413805,258300,,,,,
0.74166983,258350,,,,,
0.7652507,258400,,,,,
0.68448174,258450,,,,,
0.7067472,258500,,,,,
0.8072359,258550,,,,,
0.7245554,258600,,,,,
0.79060745,258650,,,,,
0.71476525,258700,,,,,
0.7271659,258750,,,,,
0.75116235,258800,,,,,
0.74564576,258850,,,,,
0.7445549,258900,,,,,
0.6770422,258950,,,,,
0.61846375,259000,,,,,
0.90087104,259050,,,,,
0.7788903,259100,,,,,
0.7605555,259150,,,,,
0.70265865,259200,,,,,
0.77020526,259250,,,,,
0.63960147,259300,,,,,
0.64871234,259350,,,,,
0.73191464,259400,,,,,
0.7460171,259450,,,,,
0.89733994,259500,,,,,
0.9072355,259550,,,,,
0.73971605,259600,,,,,
0.75362885,259650,,,,,
0.7208057,259700,,,,,
0.81359917,259750,,,,,
0.82498384,259800,,,,,
0.75907063,259850,,,,,
0.74363214,259900,,,,,
0.79287744,259950,,,,,
0.7982696,260000,,,,,
,260000,0.010429401677846908,,,,
,260000,,0.08289865,,,
,260000,,,119.0,,
,260000,,,,4.091433756053448,
0.74559194,260050,,,,,
0.73746526,260100,,,,,
0.8612976,260150,,,,,
0.77804923,260200,,,,,
0.8505434,260250,,,,,
0.7333163,260300,,,,,
0.7969303,260350,,,,,
0.78617954,260400,,,,,
0.7229582,260450,,,,,
0.8449638,260500,,,,,
0.71828073,260550,,,,,
0.8096088,260600,,,,,
0.84002185,260650,,,,,
0.8231428,260700,,,,,
0.66564894,260750,,,,,
0.7039192,260800,,,,,
0.82795095,260850,,,,,
0.6876818,260900,,,,,
0.7234825,260950,,,,,
0.7204113,261000,,,,,
0.7531612,261050,,,,,
0.77669466,261100,,,,,
0.799038,261150,,,,,
0.77770907,261200,,,,,
0.6968949,261250,,,,,
0.7429999,261300,,,,,
0.69071394,261350,,,,,
0.8835535,261400,,,,,
0.70844686,261450,,,,,
0.8028496,261500,,,,,
0.7292186,261550,,,,,
0.683779,261600,,,,,
0.7446919,261650,,,,,
0.8191731,261700,,,,,
0.7730546,261750,,,,,
0.78414714,261800,,,,,
0.7621655,261850,,,,,
0.74410444,261900,,,,,
0.76039815,261950,,,,,
0.772485,262000,,,,,
0.6990476,262050,,,,,
0.6571881,262100,,,,,
0.7579595,262150,,,,,
0.8564019,262200,,,,,
0.7632157,262250,,,,,
0.74195766,262300,,,,,
0.7439802,262350,,,,,
0.6599052,262400,,,,,
0.8358746,262450,,,,,
0.7695744,262500,,,,,
0.7777504,262550,,,,,
0.76450396,262600,,,,,
0.7280957,262650,,,,,
0.778335,262700,,,,,
0.66784453,262750,,,,,
0.7429919,262800,,,,,
0.8017495,262850,,,,,
0.7431036,262900,,,,,
0.681993,262950,,,,,
0.7711104,263000,,,,,
0.7644851,263050,,,,,
0.7061955,263100,,,,,
0.70397437,263150,,,,,
0.7866008,263200,,,,,
0.6484668,263250,,,,,
0.7641908,263300,,,,,
0.7940638,263350,,,,,
0.75414586,263400,,,,,
0.78148186,263450,,,,,
0.75090873,263500,,,,,
0.82747704,263550,,,,,
0.81249905,263600,,,,,
0.77769756,263650,,,,,
0.6891785,263700,,,,,
0.7468519,263750,,,,,
0.7147373,263800,,,,,
0.64184874,263850,,,,,
0.7856728,263900,,,,,
0.7899452,263950,,,,,
0.86425585,264000,,,,,
0.778705,264050,,,,,
0.84115714,264100,,,,,
0.7987544,264150,,,,,
0.7793267,264200,,,,,
0.6987801,264250,,,,,
0.783114,264300,,,,,
0.7989779,264350,,,,,
0.7519398,264400,,,,,
0.8119103,264450,,,,,
0.65045476,264500,,,,,
0.72049594,264550,,,,,
0.7153144,264600,,,,,
0.82208955,264650,,,,,
0.72126216,264700,,,,,
0.8422206,264750,,,,,
0.69202775,264800,,,,,
0.7084712,264850,,,,,
0.8080578,264900,,,,,
0.7088145,264950,,,,,
0.7307881,265000,,,,,
0.83379704,265050,,,,,
0.7878561,265100,,,,,
0.91963756,265150,,,,,
0.7472602,265200,,,,,
0.85096484,265250,,,,,
0.7261712,265300,,,,,
0.806268,265350,,,,,
0.74231017,265400,,,,,
0.7530694,265450,,,,,
0.74337876,265500,,,,,
0.7919285,265550,,,,,
0.87052876,265600,,,,,
0.80709875,265650,,,,,
0.81268036,265700,,,,,
0.71247584,265750,,,,,
0.7720685,265800,,,,,
0.81424296,265850,,,,,
0.8446783,265900,,,,,
0.7041981,265950,,,,,
0.6723746,266000,,,,,
0.75710166,266050,,,,,
0.694357,266100,,,,,
0.90156245,266150,,,,,
0.8828813,266200,,,,,
0.7293161,266250,,,,,
0.7129625,266300,,,,,
0.7670125,266350,,,,,
0.7728424,266400,,,,,
0.7036865,266450,,,,,
0.7348623,266500,,,,,
0.7175997,266550,,,,,
0.73221105,266600,,,,,
0.68641615,266650,,,,,
0.77378327,266700,,,,,
0.63911617,266750,,,,,
0.83492786,266800,,,,,
0.7523874,266850,,,,,
0.7946366,266900,,,,,
0.6716433,266950,,,,,
0.7917595,267000,,,,,
0.784743,267050,,,,,
0.7116886,267100,,,,,
0.7873559,267150,,,,,
0.7322663,267200,,,,,
0.7362414,267250,,,,,
0.82113564,267300,,,,,
0.7408011,267350,,,,,
0.79599506,267400,,,,,
0.7525369,267450,,,,,
0.7406108,267500,,,,,
0.69281584,267550,,,,,
0.7221013,267600,,,,,
0.72712004,267650,,,,,
0.8680319,267700,,,,,
0.69929445,267750,,,,,
0.66867614,267800,,,,,
0.7977854,267850,,,,,
0.7544653,267900,,,,,
0.8671342,267950,,,,,
0.74523544,268000,,,,,
0.82040656,268050,,,,,
0.9288481,268100,,,,,
0.7943687,268150,,,,,
0.7623944,268200,,,,,
0.6666578,268250,,,,,
0.7904608,268300,,,,,
0.76603276,268350,,,,,
0.75653803,268400,,,,,
0.75703156,268450,,,,,
0.76859176,268500,,,,,
0.6850859,268550,,,,,
0.77068573,268600,,,,,
0.73264575,268650,,,,,
0.6546317,268700,,,,,
0.73412263,268750,,,,,
0.7243477,268800,,,,,
0.75422597,268850,,,,,
0.8355242,268900,,,,,
0.76928407,268950,,,,,
0.66330695,269000,,,,,
0.68493056,269050,,,,,
0.8415275,269100,,,,,
0.8284489,269150,,,,,
0.80394757,269200,,,,,
0.7400696,269250,,,,,
0.8308464,269300,,,,,
0.7967264,269350,,,,,
0.6902454,269400,,,,,
0.6954203,269450,,,,,
0.8112072,269500,,,,,
0.7960607,269550,,,,,
0.69580895,269600,,,,,
0.8608769,269650,,,,,
0.7928203,269700,,,,,
0.7306963,269750,,,,,
0.76008785,269800,,,,,
0.90503997,269850,,,,,
0.673766,269900,,,,,
0.7446196,269950,,,,,
0.6837332,270000,,,,,
,270000,0.010353416350483894,,,,
,270000,,0.08043357,,,
,270000,,,125.0,,
,270000,,,,3.9146642200648785,
0.7547145,270050,,,,,
0.7837188,270100,,,,,
0.72414726,270150,,,,,
0.71998477,270200,,,,,
0.7717707,270250,,,,,
0.8417973,270300,,,,,
0.6427554,270350,,,,,
0.79554003,270400,,,,,
0.77753115,270450,,,,,
0.778404,270500,,,,,
0.77022386,270550,,,,,
0.7248257,270600,,,,,
0.7560938,270650,,,,,
0.79720277,270700,,,,,
0.83817255,270750,,,,,
0.799227,270800,,,,,
0.7760409,270850,,,,,
0.77274036,270900,,,,,
0.7235477,270950,,,,,
0.7949624,271000,,,,,
0.6667855,271050,,,,,
0.76588494,271100,,,,,
0.72208756,271150,,,,,
0.7832421,271200,,,,,
0.76764655,271250,,,,,
0.7362756,271300,,,,,
0.7211798,271350,,,,,
0.7381798,271400,,,,,
0.7793019,271450,,,,,
0.80975837,271500,,,,,
0.7571185,271550,,,,,
0.81288147,271600,,,,,
0.7945105,271650,,,,,
0.818142,271700,,,,,
0.8500154,271750,,,,,
0.75133103,271800,,,,,
0.65060675,271850,,,,,
0.7677058,271900,,,,,
0.8287924,271950,,,,,
0.8394674,272000,,,,,
0.75590444,272050,,,,,
0.7659172,272100,,,,,
0.7803786,272150,,,,,
0.7515662,272200,,,,,
0.7561122,272250,,,,,
0.8445389,272300,,,,,
0.7282108,272350,,,,,
0.79374623,272400,,,,,
0.7124852,272450,,,,,
0.7769525,272500,,,,,
0.7373988,272550,,,,,
0.75246847,272600,,,,,
0.7707673,272650,,,,,
0.69550085,272700,,,,,
0.7159452,272750,,,,,
0.67922866,272800,,,,,
0.7329143,272850,,,,,
0.78986794,272900,,,,,
0.6824527,272950,,,,,
0.79500884,273000,,,,,
0.8083686,273050,,,,,
0.7946454,273100,,,,,
0.78628516,273150,,,,,
0.7711972,273200,,,,,
0.7887092,273250,,,,,
0.6645048,273300,,,,,
0.77274287,273350,,,,,
0.7531185,273400,,,,,
0.80280685,273450,,,,,
0.79199386,273500,,,,,
0.8012678,273550,,,,,
0.7709667,273600,,,,,
0.6831478,273650,,,,,
0.7468568,273700,,,,,
0.7418507,273750,,,,,
0.8468118,273800,,,,,
0.90604836,273850,,,,,
0.7420306,273900,,,,,
0.7128233,273950,,,,,
0.77803755,274000,,,,,
0.7482297,274050,,,,,
0.7267277,274100,,,,,
0.76405615,274150,,,,,
0.8469267,274200,,,,,
0.7605954,274250,,,,,
0.7855389,274300,,,,,
0.79195,274350,,,,,
0.7081147,274400,,,,,
0.6683767,274450,,,,,
0.72505033,274500,,,,,
0.85366476,274550,,,,,
0.6591592,274600,,,,,
0.7203084,274650,,,,,
0.7019493,274700,,,,,
0.8068133,274750,,,,,
0.78821677,274800,,,,,
0.7372922,274850,,,,,
0.8676619,274900,,,,,
0.82255125,274950,,,,,
0.7730783,275000,,,,,
0.82482386,275050,,,,,
0.75049067,275100,,,,,
0.79457086,275150,,,,,
0.6397277,275200,,,,,
0.8038652,275250,,,,,
0.82298625,275300,,,,,
0.75430167,275350,,,,,
0.7237573,275400,,,,,
0.77391285,275450,,,,,
0.6631883,275500,,,,,
0.9270794,275550,,,,,
0.8363822,275600,,,,,
0.7167693,275650,,,,,
0.7358073,275700,,,,,
0.6311629,275750,,,,,
0.779989,275800,,,,,
0.82855546,275850,,,,,
0.76748,275900,,,,,
0.78096175,275950,,,,,
0.78500956,276000,,,,,
0.841095,276050,,,,,
0.7847699,276100,,,,,
0.70018464,276150,,,,,
0.6842383,276200,,,,,
0.7198499,276250,,,,,
0.70487225,276300,,,,,
0.82877326,276350,,,,,
0.76929337,276400,,,,,
0.75208205,276450,,,,,
0.8441855,276500,,,,,
0.7283152,276550,,,,,
0.8190973,276600,,,,,
0.69248426,276650,,,,,
0.74263304,276700,,,,,
0.6757717,276750,,,,,
0.7606421,276800,,,,,
0.7696078,276850,,,,,
0.77924365,276900,,,,,
0.74536103,276950,,,,,
0.7911608,277000,,,,,
0.8369858,277050,,,,,
0.75634646,277100,,,,,
0.75985765,277150,,,,,
0.8082782,277200,,,,,
0.715012,277250,,,,,
0.76146173,277300,,,,,
0.7692624,277350,,,,,
0.7164023,277400,,,,,
0.821723,277450,,,,,
0.6734471,277500,,,,,
0.75296414,277550,,,,,
0.8893545,277600,,,,,
0.6820364,277650,,,,,
0.69406617,277700,,,,,
0.81639284,277750,,,,,
0.72495586,277800,,,,,
0.80251753,277850,,,,,
0.76503,277900,,,,,
0.80556494,277950,,,,,
0.7001642,278000,,,,,
0.85531974,278050,,,,,
0.69405466,278100,,,,,
0.7793748,278150,,,,,
0.8448162,278200,,,,,
0.7282912,278250,,,,,
0.8206934,278300,,,,,
0.7672061,278350,,,,,
0.8007456,278400,,,,,
0.75553685,278450,,,,,
0.8229177,278500,,,,,
0.73124516,278550,,,,,
0.8762692,278600,,,,,
0.80127114,278650,,,,,
0.766197,278700,,,,,
0.7491656,278750,,,,,
0.87774324,278800,,,,,
0.67416334,278850,,,,,
0.8361516,278900,,,,,
0.68654513,278950,,,,,
0.73361623,279000,,,,,
0.76549256,279050,,,,,
0.6830658,279100,,,,,
0.72660416,279150,,,,,
0.7919631,279200,,,,,
0.742571,279250,,,,,
0.747042,279300,,,,,
0.7652852,279350,,,,,
0.7923823,279400,,,,,
0.77265424,279450,,,,,
0.72466975,279500,,,,,
0.7377223,279550,,,,,
0.73233026,279600,,,,,
0.76055896,279650,,,,,
0.6998923,279700,,,,,
0.7140356,279750,,,,,
0.76530224,279800,,,,,
0.75748515,279850,,,,,
0.73014313,279900,,,,,
0.7781676,279950,,,,,
0.8705785,280000,,,,,
,280000,0.010296817959845066,,,,
,280000,,0.10267006,,,
,280000,,,119.0,,
,280000,,,,3.9878530986607075,
0.77409196,280050,,,,,
0.76457584,280100,,,,,
0.7474188,280150,,,,,
0.7240331,280200,,,,,
0.8524147,280250,,,,,
0.8818789,280300,,,,,
0.78529775,280350,,,,,
0.7520366,280400,,,,,
0.7514396,280450,,,,,
0.71353346,280500,,,,,
0.8065329,280550,,,,,
0.80173695,280600,,,,,
0.7520871,280650,,,,,
0.84708506,280700,,,,,
0.7188581,280750,,,,,
0.62362635,280800,,,,,
0.6793939,280850,,,,,
0.64161503,280900,,,,,
0.72076094,280950,,,,,
0.8917719,281000,,,,,
0.8022027,281050,,,,,
0.84997064,281100,,,,,
0.7124472,281150,,,,,
0.83441985,281200,,,,,
0.73147064,281250,,,,,
0.7636913,281300,,,,,
0.89170414,281350,,,,,
0.7938225,281400,,,,,
0.85692227,281450,,,,,
0.69058985,281500,,,,,
0.8145377,281550,,,,,
0.86197054,281600,,,,,
0.7383188,281650,,,,,
0.7814909,281700,,,,,
0.824582,281750,,,,,
0.7752764,281800,,,,,
0.84800863,281850,,,,,
0.65538406,281900,,,,,
0.68494755,281950,,,,,
0.74225444,282000,,,,,
0.740572,282050,,,,,
0.7035342,282100,,,,,
0.8040385,282150,,,,,
0.7300074,282200,,,,,
0.7339876,282250,,,,,
0.7294425,282300,,,,,
0.732547,282350,,,,,
0.76416236,282400,,,,,
0.72557795,282450,,,,,
0.7403691,282500,,,,,
0.7611133,282550,,,,,
0.79091287,282600,,,,,
0.84049565,282650,,,,,
0.80688274,282700,,,,,
0.7655507,282750,,,,,
0.8184408,282800,,,,,
0.7899153,282850,,,,,
0.7487159,282900,,,,,
0.8031938,282950,,,,,
0.8158989,283000,,,,,
0.74515235,283050,,,,,
0.6840967,283100,,,,,
0.78266704,283150,,,,,
0.70635897,283200,,,,,
0.70022273,283250,,,,,
0.7380693,283300,,,,,
0.65240085,283350,,,,,
0.7929854,283400,,,,,
0.89523613,283450,,,,,
0.71850526,283500,,,,,
0.6844172,283550,,,,,
0.7826092,283600,,,,,
0.7739832,283650,,,,,
0.7534471,283700,,,,,
0.7715168,283750,,,,,
0.837073,283800,,,,,
0.76649857,283850,,,,,
0.7729416,283900,,,,,
0.7537379,283950,,,,,
0.6911622,284000,,,,,
0.67518675,284050,,,,,
0.7884306,284100,,,,,
0.84387016,284150,,,,,
0.71445096,284200,,,,,
0.6982888,284250,,,,,
0.78921545,284300,,,,,
0.8057612,284350,,,,,
0.8003261,284400,,,,,
0.7614367,284450,,,,,
0.6987417,284500,,,,,
0.69348264,284550,,,,,
0.7923038,284600,,,,,
0.8421608,284650,,,,,
0.77369416,284700,,,,,
0.8365976,284750,,,,,
0.8107493,284800,,,,,
0.7028781,284850,,,,,
0.7008306,284900,,,,,
0.9352089,284950,,,,,
0.72146857,285000,,,,,
0.8933106,285050,,,,,
0.82284075,285100,,,,,
0.7309719,285150,,,,,
0.75651026,285200,,,,,
0.81597924,285250,,,,,
0.68391395,285300,,,,,
0.8219121,285350,,,,,
0.7383511,285400,,,,,
0.6604487,285450,,,,,
0.7740277,285500,,,,,
0.706961,285550,,,,,
0.8999033,285600,,,,,
0.7953879,285650,,,,,
0.77870524,285700,,,,,
0.7957539,285750,,,,,
0.7303637,285800,,,,,
0.6689826,285850,,,,,
0.87700295,285900,,,,,
0.7159599,285950,,,,,
0.81207263,286000,,,,,
0.754207,286050,,,,,
0.7190958,286100,,,,,
0.721831,286150,,,,,
0.7721796,286200,,,,,
0.8198804,286250,,,,,
0.71390796,286300,,,,,
0.7609284,286350,,,,,
0.7179028,286400,,,,,
0.7929706,286450,,,,,
0.7646383,286500,,,,,
0.71452093,286550,,,,,
0.6434655,286600,,,,,
0.84521234,286650,,,,,
0.74798954,286700,,,,,
0.9541732,286750,,,,,
0.8328203,286800,,,,,
0.7160728,286850,,,,,
0.73102707,286900,,,,,
0.8001129,286950,,,,,
0.7796397,287000,,,,,
0.7446737,287050,,,,,
0.76528394,287100,,,,,
0.766353,287150,,,,,
0.75416917,287200,,,,,
0.83513737,287250,,,,,
0.743662,287300,,,,,
0.63315964,287350,,,,,
0.6732177,287400,,,,,
0.77756834,287450,,,,,
0.69808644,287500,,,,,
0.647547,287550,,,,,
0.6963814,287600,,,,,
0.8247393,287650,,,,,
0.7489959,287700,,,,,
0.79470974,287750,,,,,
0.7726323,287800,,,,,
0.78077805,287850,,,,,
0.75992095,287900,,,,,
0.84301287,287950,,,,,
0.6663534,288000,,,,,
0.7833134,288050,,,,,
0.79768777,288100,,,,,
0.68688667,288150,,,,,
0.8914037,288200,,,,,
0.6952003,288250,,,,,
0.7257658,288300,,,,,
0.6460027,288350,,,,,
0.7466204,288400,,,,,
0.7208533,288450,,,,,
0.7390394,288500,,,,,
0.81639236,288550,,,,,
0.7300993,288600,,,,,
0.870854,288650,,,,,
0.7440879,288700,,,,,
0.6579518,288750,,,,,
0.71437186,288800,,,,,
0.8132783,288850,,,,,
0.80254376,288900,,,,,
0.84680015,288950,,,,,
0.670729,289000,,,,,
0.82574105,289050,,,,,
0.77663803,289100,,,,,
0.8173665,289150,,,,,
0.7339692,289200,,,,,
0.82392675,289250,,,,,
0.8439493,289300,,,,,
0.8338069,289350,,,,,
0.7004621,289400,,,,,
0.7375833,289450,,,,,
0.82545424,289500,,,,,
0.79896677,289550,,,,,
0.69838905,289600,,,,,
0.8322738,289650,,,,,
0.7450848,289700,,,,,
0.84844244,289750,,,,,
0.7359894,289800,,,,,
0.7268512,289850,,,,,
0.8005592,289900,,,,,
0.742416,289950,,,,,
0.69283783,290000,,,,,
,290000,0.010384207490086556,,,,
,290000,,0.10426112,,,
,290000,,,119.0,,
,290000,,,,3.9659835137426853,
0.7958075,290050,,,,,
0.67993736,290100,,,,,
0.6292901,290150,,,,,
0.7691804,290200,,,,,
0.78334343,290250,,,,,
0.7754667,290300,,,,,
0.7866664,290350,,,,,
0.7684332,290400,,,,,
0.8111739,290450,,,,,
0.80251694,290500,,,,,
0.7277203,290550,,,,,
0.77021587,290600,,,,,
0.7656753,290650,,,,,
0.7539288,290700,,,,,
0.68870705,290750,,,,,
0.79322207,290800,,,,,
0.8969395,290850,,,,,
0.8506615,290900,,,,,
0.83282524,290950,,,,,
0.7821034,291000,,,,,
0.7524798,291050,,,,,
0.729504,291100,,,,,
0.7502881,291150,,,,,
0.79999864,291200,,,,,
0.76006114,291250,,,,,
0.7759618,291300,,,,,
0.6927081,291350,,,,,
0.7229412,291400,,,,,
0.69283354,291450,,,,,
0.70949507,291500,,,,,
0.76464474,291550,,,,,
0.74985623,291600,,,,,
0.79361165,291650,,,,,
0.7537331,291700,,,,,
0.7861192,291750,,,,,
0.8040801,291800,,,,,
0.821669,291850,,,,,
0.7721157,291900,,,,,
0.717139,291950,,,,,
0.8320164,292000,,,,,
0.74214256,292050,,,,,
0.7277576,292100,,,,,
0.7445986,292150,,,,,
0.80802125,292200,,,,,
0.74223447,292250,,,,,
0.77336276,292300,,,,,
0.74890643,292350,,,,,
0.799564,292400,,,,,
0.7149303,292450,,,,,
0.6726921,292500,,,,,
0.7986784,292550,,,,,
0.6957419,292600,,,,,
0.8353734,292650,,,,,
0.7117443,292700,,,,,
0.80005044,292750,,,,,
0.7735701,292800,,,,,
0.8333105,292850,,,,,
0.8334118,292900,,,,,
0.8468809,292950,,,,,
0.71498775,293000,,,,,
0.68691874,293050,,,,,
0.78669274,293100,,,,,
0.7866447,293150,,,,,
0.698133,293200,,,,,
0.7601719,293250,,,,,
0.783676,293300,,,,,
0.80069196,293350,,,,,
0.770505,293400,,,,,
0.8380156,293450,,,,,
0.7408904,293500,,,,,
0.70193523,293550,,,,,
0.7715888,293600,,,,,
0.7974418,293650,,,,,
0.6450258,293700,,,,,
0.7706312,293750,,,,,
0.72759116,293800,,,,,
0.7820168,293850,,,,,
0.81521946,293900,,,,,
0.7596775,293950,,,,,
0.70184314,294000,,,,,
0.8481959,294050,,,,,
0.74917626,294100,,,,,
0.76922035,294150,,,,,
0.8786511,294200,,,,,
0.62703,294250,,,,,
0.74943465,294300,,,,,
0.75760055,294350,,,,,
0.726014,294400,,,,,
0.6526985,294450,,,,,
0.7368566,294500,,,,,
0.89690804,294550,,,,,
0.77151126,294600,,,,,
0.7238432,294650,,,,,
0.79130924,294700,,,,,
0.86912477,294750,,,,,
0.7559612,294800,,,,,
0.71998847,294850,,,,,
0.80350125,294900,,,,,
0.7705505,294950,,,,,
0.8445157,295000,,,,,
0.722357,295050,,,,,
0.81917685,295100,,,,,
0.7048564,295150,,,,,
0.7806954,295200,,,,,
0.76546246,295250,,,,,
0.64826924,295300,,,,,
0.6475468,295350,,,,,
0.6681707,295400,,,,,
0.7485917,295450,,,,,
0.61228085,295500,,,,,
0.73471034,295550,,,,,
0.80555826,295600,,,,,
0.80211407,295650,,,,,
0.8396516,295700,,,,,
0.7988674,295750,,,,,
0.75677276,295800,,,,,
0.6835077,295850,,,,,
0.72843695,295900,,,,,
0.756654,295950,,,,,
0.77956176,296000,,,,,
0.65597856,296050,,,,,
0.79349685,296100,,,,,
0.6634926,296150,,,,,
0.7469468,296200,,,,,
0.7366375,296250,,,,,
0.7202109,296300,,,,,
0.7675359,296350,,,,,
0.7617103,296400,,,,,
0.81602085,296450,,,,,
0.7092189,296500,,,,,
0.79247856,296550,,,,,
0.7316815,296600,,,,,
0.8227029,296650,,,,,
0.7101122,296700,,,,,
0.72839457,296750,,,,,
0.8003324,296800,,,,,
0.7718365,296850,,,,,
0.6995336,296900,,,,,
0.6759315,296950,,,,,
0.7299539,297000,,,,,
0.8205294,297050,,,,,
0.8152407,297100,,,,,
0.8025983,297150,,,,,
0.7533793,297200,,,,,
0.66162556,297250,,,,,
0.67024827,297300,,,,,
0.7747269,297350,,,,,
0.8769926,297400,,,,,
0.75501424,297450,,,,,
0.75146514,297500,,,,,
0.8345262,297550,,,,,
0.8617141,297600,,,,,
0.76856416,297650,,,,,
0.7339786,297700,,,,,
0.6946805,297750,,,,,
0.7271056,297800,,,,,
0.6789525,297850,,,,,
0.63687307,297900,,,,,
0.7754135,297950,,,,,
0.753002,298000,,,,,
0.7503637,298050,,,,,
0.6814502,298100,,,,,
0.8179593,298150,,,,,
0.7182659,298200,,,,,
0.7267346,298250,,,,,
0.91839767,298300,,,,,
0.7166456,298350,,,,,
0.72930026,298400,,,,,
0.67522526,298450,,,,,
0.63957965,298500,,,,,
0.7737702,298550,,,,,
0.74807036,298600,,,,,
0.74621665,298650,,,,,
0.821932,298700,,,,,
0.81083435,298750,,,,,
0.71226215,298800,,,,,
0.6829708,298850,,,,,
0.758662,298900,,,,,
0.74250865,298950,,,,,
0.7320754,299000,,,,,
0.6695977,299050,,,,,
0.8260542,299100,,,,,
0.8467124,299150,,,,,
0.7956719,299200,,,,,
0.7641938,299250,,,,,
0.77259386,299300,,,,,
0.8234532,299350,,,,,
0.7164716,299400,,,,,
0.7380315,299450,,,,,
0.72379977,299500,,,,,
0.7824998,299550,,,,,
0.68223405,299600,,,,,
0.8538871,299650,,,,,
0.71116334,299700,,,,,
0.72854567,299750,,,,,
0.7530223,299800,,,,,
0.84569573,299850,,,,,
0.742778,299900,,,,,
0.7434406,299950,,,,,
0.69228613,300000,,,,,
,300000,0.010356711498647928,,,,
,300000,,0.09833334,,,
,300000,,,119.0,,
,300000,,,,3.8769304379820824,
0.8002877,300050,,,,,
0.79372513,300100,,,,,
0.7119627,300150,,,,,
0.8016734,300200,,,,,
0.7202182,300250,,,,,
0.77151537,300300,,,,,
0.8890835,300350,,,,,
0.79363436,300400,,,,,
0.7803143,300450,,,,,
0.7374153,300500,,,,,
0.7084694,300550,,,,,
0.8777443,300600,,,,,
0.63056046,300650,,,,,
0.7050513,300700,,,,,
0.73566014,300750,,,,,
0.89355195,300800,,,,,
0.73706347,300850,,,,,
0.766667,300900,,,,,
0.75559473,300950,,,,,
0.69838405,301000,,,,,
0.68977433,301050,,,,,
0.69935226,301100,,,,,
0.7110427,301150,,,,,
0.71030426,301200,,,,,
0.7965395,301250,,,,,
0.80022335,301300,,,,,
0.73798275,301350,,,,,
0.80615056,301400,,,,,
0.7874022,301450,,,,,
0.7833469,301500,,,,,
0.63946486,301550,,,,,
0.65123194,301600,,,,,
0.9118072,301650,,,,,
0.6412575,301700,,,,,
0.7947642,301750,,,,,
0.8034369,301800,,,,,
0.845746,301850,,,,,
0.70076114,301900,,,,,
0.822321,301950,,,,,
0.7759058,302000,,,,,
0.7407422,302050,,,,,
0.8632592,302100,,,,,
0.7144029,302150,,,,,
0.6990965,302200,,,,,
0.79949015,302250,,,,,
0.76042694,302300,,,,,
0.8496849,302350,,,,,
0.7886261,302400,,,,,
0.83283305,302450,,,,,
0.7155416,302500,,,,,
0.7914125,302550,,,,,
0.74757725,302600,,,,,
0.7552639,302650,,,,,
0.78413963,302700,,,,,
0.81867194,302750,,,,,
0.7616101,302800,,,,,
0.74648535,302850,,,,,
0.67710197,302900,,,,,
0.62266344,302950,,,,,
0.743136,303000,,,,,
0.6960053,303050,,,,,
0.7491793,303100,,,,,
0.80705833,303150,,,,,
0.7737723,303200,,,,,
0.80874443,303250,,,,,
0.6508984,303300,,,,,
0.6592867,303350,,,,,
0.7766525,303400,,,,,
0.75808644,303450,,,,,
0.7829042,303500,,,,,
0.7828016,303550,,,,,
0.65769774,303600,,,,,
0.7574135,303650,,,,,
0.807932,303700,,,,,
0.7457527,303750,,,,,
0.7310518,303800,,,,,
0.7166896,303850,,,,,
0.7320742,303900,,,,,
0.74552673,303950,,,,,
0.7262673,304000,,,,,
0.7078616,304050,,,,,
0.8998733,304100,,,,,
0.70977914,304150,,,,,
0.77175,304200,,,,,
0.7087375,304250,,,,,
0.754847,304300,,,,,
0.7985963,304350,,,,,
0.7744638,304400,,,,,
0.7255779,304450,,,,,
0.68295074,304500,,,,,
0.7926641,304550,,,,,
0.6993125,304600,,,,,
0.8447255,304650,,,,,
0.684144,304700,,,,,
0.71883553,304750,,,,,
0.7189474,304800,,,,,
0.71287173,304850,,,,,
0.82500577,304900,,,,,
0.813244,304950,,,,,
0.7336985,305000,,,,,
0.7892195,305050,,,,,
0.752149,305100,,,,,
0.6653012,305150,,,,,
0.7116708,305200,,,,,
0.73841476,305250,,,,,
0.7432929,305300,,,,,
0.7432721,305350,,,,,
0.8487858,305400,,,,,
0.8166754,305450,,,,,
0.79252493,305500,,,,,
0.73217565,305550,,,,,
0.79983664,305600,,,,,
0.6340039,305650,,,,,
0.7025984,305700,,,,,
0.80874896,305750,,,,,
0.7841336,305800,,,,,
0.8197262,305850,,,,,
0.7657187,305900,,,,,
0.79272485,305950,,,,,
0.63553774,306000,,,,,
0.74697566,306050,,,,,
0.7594705,306100,,,,,
0.690608,306150,,,,,
0.76940066,306200,,,,,
0.8090493,306250,,,,,
0.69408596,306300,,,,,
0.70599264,306350,,,,,
0.6674994,306400,,,,,
0.73901725,306450,,,,,
0.7929587,306500,,,,,
0.8233644,306550,,,,,
0.80658615,306600,,,,,
0.7492754,306650,,,,,
0.70590544,306700,,,,,
0.7604,306750,,,,,
0.62652075,306800,,,,,
0.7471555,306850,,,,,
0.72017694,306900,,,,,
0.6527831,306950,,,,,
0.8144828,307000,,,,,
0.7652978,307050,,,,,
0.7031344,307100,,,,,
0.85753524,307150,,,,,
0.80523527,307200,,,,,
0.7942464,307250,,,,,
0.72149134,307300,,,,,
0.78815424,307350,,,,,
0.7321738,307400,,,,,
1.0001539,307450,,,,,
0.77818716,307500,,,,,
0.7482649,307550,,,,,
0.7476386,307600,,,,,
0.77169275,307650,,,,,
0.75460726,307700,,,,,
0.5988461,307750,,,,,
0.73168874,307800,,,,,
0.8462108,307850,,,,,
0.6781254,307900,,,,,
0.797873,307950,,,,,
0.7774442,308000,,,,,
0.82953334,308050,,,,,
0.7841873,308100,,,,,
0.68861294,308150,,,,,
0.780939,308200,,,,,
0.74976575,308250,,,,,
0.69082534,308300,,,,,
0.7263099,308350,,,,,
0.7839052,308400,,,,,
0.7249485,308450,,,,,
0.84039813,308500,,,,,
0.7287201,308550,,,,,
0.7302618,308600,,,,,
0.6784637,308650,,,,,
0.7744175,308700,,,,,
0.77287394,308750,,,,,
0.8018188,308800,,,,,
0.81223935,308850,,,,,
0.81442416,308900,,,,,
0.81171525,308950,,,,,
0.75649667,309000,,,,,
0.7566708,309050,,,,,
0.7187434,309100,,,,,
0.79647684,309150,,,,,
0.81778157,309200,,,,,
0.80767274,309250,,,,,
0.77309567,309300,,,,,
0.68536025,309350,,,,,
0.7357334,309400,,,,,
0.7473175,309450,,,,,
0.7433258,309500,,,,,
0.7558197,309550,,,,,
0.7978135,309600,,,,,
0.64379275,309650,,,,,
0.71984994,309700,,,,,
0.76848686,309750,,,,,
0.6764902,309800,,,,,
0.74289703,309850,,,,,
0.76905626,309900,,,,,
0.69253445,309950,,,,,
0.7916424,310000,,,,,
,310000,0.010284296930208802,,,,
,310000,,0.10410317,,,
,310000,,,128.0,,
,310000,,,,4.130411710590124,
0.760697,310050,,,,,
0.7000645,310100,,,,,
0.74011075,310150,,,,,
0.7530968,310200,,,,,
0.7522851,310250,,,,,
0.7842521,310300,,,,,
0.6792337,310350,,,,,
0.69278836,310400,,,,,
0.7673811,310450,,,,,
0.7285718,310500,,,,,
0.85194266,310550,,,,,
0.70479786,310600,,,,,
0.7582559,310650,,,,,
0.7499842,310700,,,,,
0.81804323,310750,,,,,
0.81649953,310800,,,,,
0.7988627,310850,,,,,
0.79266185,310900,,,,,
0.8725597,310950,,,,,
0.7757568,311000,,,,,
0.8275279,311050,,,,,
0.7870668,311100,,,,,
0.76470673,311150,,,,,
0.9093553,311200,,,,,
0.7228572,311250,,,,,
0.6966362,311300,,,,,
0.65234435,311350,,,,,
0.73073834,311400,,,,,
0.63960737,311450,,,,,
0.77429724,311500,,,,,
0.7465803,311550,,,,,
0.8193013,311600,,,,,
0.7418664,311650,,,,,
0.61005056,311700,,,,,
0.68031716,311750,,,,,
0.7567246,311800,,,,,
0.74727803,311850,,,,,
0.7105907,311900,,,,,
0.79058254,311950,,,,,
0.8035549,312000,,,,,
0.7764088,312050,,,,,
0.8012672,312100,,,,,
0.7752409,312150,,,,,
0.7215568,312200,,,,,
0.71788275,312250,,,,,
0.8412695,312300,,,,,
0.72687054,312350,,,,,
0.70391256,312400,,,,,
0.75429857,312450,,,,,
0.75011075,312500,,,,,
0.83086705,312550,,,,,
0.73719996,312600,,,,,
0.85026777,312650,,,,,
0.7591531,312700,,,,,
0.83389306,312750,,,,,
0.8022959,312800,,,,,
0.7018938,312850,,,,,
0.74385965,312900,,,,,
0.722836,312950,,,,,
0.74981725,313000,,,,,
0.7980546,313050,,,,,
0.6956668,313100,,,,,
0.6809736,313150,,,,,
0.79047406,313200,,,,,
0.74073225,313250,,,,,
0.75660425,313300,,,,,
0.81692183,313350,,,,,
0.74494463,313400,,,,,
0.7173765,313450,,,,,
0.76788974,313500,,,,,
0.7037941,313550,,,,,
0.7696572,313600,,,,,
0.7224142,313650,,,,,
0.7851576,313700,,,,,
0.754527,313750,,,,,
0.7054765,313800,,,,,
0.68897223,313850,,,,,
0.7811195,313900,,,,,
0.70382696,313950,,,,,
0.7613218,314000,,,,,
0.754997,314050,,,,,
0.61073136,314100,,,,,
0.69248736,314150,,,,,
0.7784514,314200,,,,,
0.7561164,314250,,,,,
0.8039864,314300,,,,,
0.8238302,314350,,,,,
0.7345632,314400,,,,,
0.73248243,314450,,,,,
0.81286526,314500,,,,,
0.61390173,314550,,,,,
0.73950005,314600,,,,,
0.6440608,314650,,,,,
0.8927213,314700,,,,,
0.7837048,314750,,,,,
0.722286,314800,,,,,
0.72290254,314850,,,,,
0.716108,314900,,,,,
0.7082305,314950,,,,,
0.7490002,315000,,,,,
0.7701752,315050,,,,,
0.765204,315100,,,,,
0.72861844,315150,,,,,
0.79909325,315200,,,,,
0.7443048,315250,,,,,
0.7188482,315300,,,,,
0.74958926,315350,,,,,
0.81333065,315400,,,,,
0.66205084,315450,,,,,
0.7096303,315500,,,,,
0.79678464,315550,,,,,
0.75258815,315600,,,,,
0.703058,315650,,,,,
0.7148621,315700,,,,,
0.7847463,315750,,,,,
0.74713755,315800,,,,,
0.70807743,315850,,,,,
0.7022022,315900,,,,,
0.79156506,315950,,,,,
0.6365311,316000,,,,,
0.8025978,316050,,,,,
0.79706043,316100,,,,,
0.7315272,316150,,,,,
0.80350554,316200,,,,,
0.7935695,316250,,,,,
0.81967986,316300,,,,,
0.7282065,316350,,,,,
0.77158356,316400,,,,,
0.7784748,316450,,,,,
0.7225715,316500,,,,,
0.79097617,316550,,,,,
0.7585341,316600,,,,,
0.78786474,316650,,,,,
0.7517704,316700,,,,,
0.6192786,316750,,,,,
0.7766491,316800,,,,,
0.8621813,316850,,,,,
0.65844667,316900,,,,,
0.72469497,316950,,,,,
0.7624408,317000,,,,,
0.6301618,317050,,,,,
0.6129161,317100,,,,,
0.7956074,317150,,,,,
0.78729963,317200,,,,,
0.83459574,317250,,,,,
0.7576976,317300,,,,,
0.7443466,317350,,,,,
0.83286965,317400,,,,,
0.8308121,317450,,,,,
0.69931436,317500,,,,,
0.8266951,317550,,,,,
0.8123497,317600,,,,,
0.7450254,317650,,,,,
0.80356824,317700,,,,,
0.72496784,317750,,,,,
0.936662,317800,,,,,
0.73867124,317850,,,,,
0.7954706,317900,,,,,
0.6744535,317950,,,,,
0.82009697,318000,,,,,
0.8153799,318050,,,,,
0.71422774,318100,,,,,
0.80645156,318150,,,,,
0.8722466,318200,,,,,
0.7115295,318250,,,,,
0.7400708,318300,,,,,
0.8355558,318350,,,,,
0.76109016,318400,,,,,
0.7893964,318450,,,,,
0.72912025,318500,,,,,
0.7845917,318550,,,,,
0.6921389,318600,,,,,
0.74319434,318650,,,,,
0.6768732,318700,,,,,
0.7139154,318750,,,,,
0.82565176,318800,,,,,
0.6483849,318850,,,,,
0.8214108,318900,,,,,
0.79615414,318950,,,,,
0.8003099,319000,,,,,
0.7387758,319050,,,,,
0.76533186,319100,,,,,
0.71169364,319150,,,,,
0.840626,319200,,,,,
0.6934427,319250,,,,,
0.8049656,319300,,,,,
0.7994595,319350,,,,,
0.8475628,319400,,,,,
0.7846281,319450,,,,,
0.64673567,319500,,,,,
0.74489796,319550,,,,,
0.7715437,319600,,,,,
0.7543721,319650,,,,,
0.8176342,319700,,,,,
0.6555335,319750,,,,,
0.7369107,319800,,,,,
0.8561236,319850,,,,,
0.8425784,319900,,,,,
0.81678915,319950,,,,,
0.7017096,320000,,,,,
,320000,0.010335561593249441,,,,
,320000,,0.10150463,,,
,320000,,,125.0,,
,320000,,,,4.017166394740343,
0.65853316,320050,,,,,
0.8020764,320100,,,,,
0.7902504,320150,,,,,
0.8239213,320200,,,,,
0.79256296,320250,,,,,
0.8982516,320300,,,,,
0.7041013,320350,,,,,
0.68573207,320400,,,,,
0.75070494,320450,,,,,
0.82692647,320500,,,,,
0.77705044,320550,,,,,
0.786873,320600,,,,,
0.7640819,320650,,,,,
0.79569876,320700,,,,,
0.70440817,320750,,,,,
0.7377108,320800,,,,,
0.73232085,320850,,,,,
0.76012915,320900,,,,,
0.7206265,320950,,,,,
0.75362265,321000,,,,,
0.6951201,321050,,,,,
0.8129888,321100,,,,,
0.7526028,321150,,,,,
0.744493,321200,,,,,
0.81761706,321250,,,,,
0.69915587,321300,,,,,
0.65329456,321350,,,,,
0.9281341,321400,,,,,
0.83888197,321450,,,,,
0.8572176,321500,,,,,
0.7383466,321550,,,,,
0.78792644,321600,,,,,
0.80641323,321650,,,,,
0.8678826,321700,,,,,
0.74033386,321750,,,,,
0.7516429,321800,,,,,
0.63948554,321850,,,,,
0.81724966,321900,,,,,
0.71982384,321950,,,,,
0.79639673,322000,,,,,
0.77230257,322050,,,,,
0.650477,322100,,,,,
0.85154986,322150,,,,,
0.7103545,322200,,,,,
0.8107641,322250,,,,,
0.755999,322300,,,,,
0.8332584,322350,,,,,
0.7787459,322400,,,,,
0.77106214,322450,,,,,
0.76271445,322500,,,,,
0.7738393,322550,,,,,
0.8759412,322600,,,,,
0.753746,322650,,,,,
0.7494007,322700,,,,,
0.76904356,322750,,,,,
0.90817726,322800,,,,,
0.7102565,322850,,,,,
0.73374176,322900,,,,,
0.7935784,322950,,,,,
0.89736784,323000,,,,,
0.8195505,323050,,,,,
0.77206385,323100,,,,,
0.8187976,323150,,,,,
0.7627568,323200,,,,,
0.7411291,323250,,,,,
0.78713995,323300,,,,,
0.8839121,323350,,,,,
0.7305193,323400,,,,,
0.7792587,323450,,,,,
0.8701756,323500,,,,,
0.9210701,323550,,,,,
0.7414331,323600,,,,,
0.7923553,323650,,,,,
0.82760096,323700,,,,,
0.81001806,323750,,,,,
0.7585208,323800,,,,,
0.8154073,323850,,,,,
0.7691182,323900,,,,,
0.80103356,323950,,,,,
0.69744396,324000,,,,,
0.9582633,324050,,,,,
0.73408425,324100,,,,,
0.76653993,324150,,,,,
0.76835096,324200,,,,,
0.7532968,324250,,,,,
0.8611298,324300,,,,,
0.7329699,324350,,,,,
0.8186856,324400,,,,,
0.6510259,324450,,,,,
0.81297636,324500,,,,,
0.78174233,324550,,,,,
0.7087755,324600,,,,,
0.7668757,324650,,,,,
0.876193,324700,,,,,
0.9332831,324750,,,,,
0.8311766,324800,,,,,
0.78562367,324850,,,,,
0.8154282,324900,,,,,
0.90170825,324950,,,,,
0.87209773,325000,,,,,
0.74210835,325050,,,,,
0.70458055,325100,,,,,
0.7129895,325150,,,,,
0.7394142,325200,,,,,
0.7033241,325250,,,,,
0.81151307,325300,,,,,
0.83399034,325350,,,,,
0.785937,325400,,,,,
0.76640743,325450,,,,,
0.7748193,325500,,,,,
0.8654428,325550,,,,,
0.6881375,325600,,,,,
0.7136041,325650,,,,,
0.9128021,325700,,,,,
0.7565973,325750,,,,,
0.6939599,325800,,,,,
0.74804574,325850,,,,,
0.7305815,325900,,,,,
0.78924775,325950,,,,,
0.8695498,326000,,,,,
0.74955,326050,,,,,
0.77901804,326100,,,,,
0.7907969,326150,,,,,
0.7473182,326200,,,,,
0.79081154,326250,,,,,
0.7007092,326300,,,,,
0.82484293,326350,,,,,
0.6843463,326400,,,,,
0.66546154,326450,,,,,
0.7743528,326500,,,,,
0.9051204,326550,,,,,
0.9294861,326600,,,,,
0.6866056,326650,,,,,
0.78464186,326700,,,,,
0.7871783,326750,,,,,
0.7120879,326800,,,,,
0.8353479,326850,,,,,
0.73927134,326900,,,,,
0.7029648,326950,,,,,
0.7291192,327000,,,,,
0.77440464,327050,,,,,
0.6947628,327100,,,,,
0.8417182,327150,,,,,
0.70362633,327200,,,,,
0.78375006,327250,,,,,
0.69293773,327300,,,,,
0.7438759,327350,,,,,
0.8420775,327400,,,,,
0.6449996,327450,,,,,
0.82479376,327500,,,,,
0.7433095,327550,,,,,
0.80818105,327600,,,,,
0.75123525,327650,,,,,
0.707851,327700,,,,,
0.71910214,327750,,,,,
0.8048219,327800,,,,,
0.76740485,327850,,,,,
0.7195291,327900,,,,,
0.7081819,327950,,,,,
0.79051954,328000,,,,,
0.7749635,328050,,,,,
0.7802321,328100,,,,,
0.72356105,328150,,,,,
0.71550333,328200,,,,,
0.7855109,328250,,,,,
0.8437642,328300,,,,,
0.7422596,328350,,,,,
0.7123366,328400,,,,,
0.7074742,328450,,,,,
0.74228334,328500,,,,,
0.8445888,328550,,,,,
0.81839067,328600,,,,,
0.6387872,328650,,,,,
0.7434786,328700,,,,,
0.7646836,328750,,,,,
0.7569331,328800,,,,,
0.78513443,328850,,,,,
0.7131874,328900,,,,,
0.7425517,328950,,,,,
0.7295461,329000,,,,,
0.92478347,329050,,,,,
0.75869346,329100,,,,,
0.91658175,329150,,,,,
0.73045874,329200,,,,,
0.7514941,329250,,,,,
0.7718512,329300,,,,,
0.9076304,329350,,,,,
0.7055931,329400,,,,,
0.70467305,329450,,,,,
0.72222745,329500,,,,,
0.79716635,329550,,,,,
0.85576844,329600,,,,,
0.8165235,329650,,,,,
0.74590373,329700,,,,,
0.8466411,329750,,,,,
0.75252044,329800,,,,,
0.7985704,329850,,,,,
0.7857752,329900,,,,,
0.8063916,329950,,,,,
0.7155552,330000,,,,,
,330000,0.010475595929473638,,,,
,330000,,0.12401202,,,
,330000,,,119.0,,
,330000,,,,4.120784919708967,
0.72504735,330050,,,,,
0.71836805,330100,,,,,
0.8261845,330150,,,,,
0.6331677,330200,,,,,
0.6757895,330250,,,,,
0.7436348,330300,,,,,
0.7003159,330350,,,,,
0.79625773,330400,,,,,
0.79904026,330450,,,,,
0.7342418,330500,,,,,
0.83919454,330550,,,,,
0.6730709,330600,,,,,
0.83548266,330650,,,,,
0.66866624,330700,,,,,
0.7681164,330750,,,,,
0.6726633,330800,,,,,
0.7861833,330850,,,,,
0.6893413,330900,,,,,
0.8252773,330950,,,,,
0.85882175,331000,,,,,
0.7606442,331050,,,,,
0.6783845,331100,,,,,
0.6842378,331150,,,,,
0.73844975,331200,,,,,
0.90585,331250,,,,,
0.7727015,331300,,,,,
0.68441916,331350,,,,,
0.6776533,331400,,,,,
0.91232085,331450,,,,,
0.7686093,331500,,,,,
0.66953576,331550,,,,,
0.76271063,331600,,,,,
0.7420846,331650,,,,,
0.7170403,331700,,,,,
0.84565353,331750,,,,,
0.732215,331800,,,,,
0.8023747,331850,,,,,
0.8369769,331900,,,,,
0.69134104,331950,,,,,
0.8268095,332000,,,,,
0.71679425,332050,,,,,
0.77843463,332100,,,,,
0.7779291,332150,,,,,
0.7584198,332200,,,,,
0.67294663,332250,,,,,
0.83242637,332300,,,,,
0.8124981,332350,,,,,
0.7224483,332400,,,,,
0.7886388,332450,,,,,
0.8393053,332500,,,,,
0.7456497,332550,,,,,
0.6827322,332600,,,,,
0.7677287,332650,,,,,
0.76052827,332700,,,,,
0.7445636,332750,,,,,
0.8016437,332800,,,,,
0.7750397,332850,,,,,
0.7310305,332900,,,,,
0.81990206,332950,,,,,
0.78129387,333000,,,,,
0.7521834,333050,,,,,
0.76337236,333100,,,,,
0.7702761,333150,,,,,
0.71253806,333200,,,,,
0.7478728,333250,,,,,
0.75554276,333300,,,,,
0.8012455,333350,,,,,
0.74806243,333400,,,,,
0.7087476,333450,,,,,
0.7493672,333500,,,,,
0.826371,333550,,,,,
0.7630871,333600,,,,,
0.7188512,333650,,,,,
0.7259252,333700,,,,,
0.8153171,333750,,,,,
0.7555823,333800,,,,,
0.74154425,333850,,,,,
0.78502387,333900,,,,,
0.82874584,333950,,,,,
0.77309537,334000,,,,,
0.70275235,334050,,,,,
0.7190403,334100,,,,,
0.7949806,334150,,,,,
0.70373666,334200,,,,,
0.8597568,334250,,,,,
0.7532412,334300,,,,,
0.83061403,334350,,,,,
0.7938383,334400,,,,,
0.8192916,334450,,,,,
0.68676865,334500,,,,,
0.8497628,334550,,,,,
0.7669827,334600,,,,,
0.76932156,334650,,,,,
0.700858,334700,,,,,
0.72008014,334750,,,,,
0.78809565,334800,,,,,
0.841931,334850,,,,,
0.81944466,334900,,,,,
0.74628,334950,,,,,
0.80834883,335000,,,,,
0.85353535,335050,,,,,
0.76142216,335100,,,,,
0.7814263,335150,,,,,
0.828784,335200,,,,,
0.7528064,335250,,,,,
0.60141444,335300,,,,,
0.68477815,335350,,,,,
0.7728243,335400,,,,,
0.7998409,335450,,,,,
0.8483318,335500,,,,,
0.81324184,335550,,,,,
0.7093463,335600,,,,,
0.7663892,335650,,,,,
0.7345385,335700,,,,,
0.6921014,335750,,,,,
0.73032796,335800,,,,,
0.7289206,335850,,,,,
0.76253486,335900,,,,,
0.7860088,335950,,,,,
0.73114246,336000,,,,,
0.7507438,336050,,,,,
0.735898,336100,,,,,
0.743427,336150,,,,,
0.76138616,336200,,,,,
0.8127625,336250,,,,,
0.7541474,336300,,,,,
0.8633387,336350,,,,,
0.7938825,336400,,,,,
0.8707528,336450,,,,,
0.6968704,336500,,,,,
0.71008444,336550,,,,,
0.7252358,336600,,,,,
0.7182971,336650,,,,,
0.7634195,336700,,,,,
0.68675727,336750,,,,,
0.68349564,336800,,,,,
0.74399877,336850,,,,,
0.78824306,336900,,,,,
0.8155137,336950,,,,,
0.79287183,337000,,,,,
0.7198866,337050,,,,,
0.76275367,337100,,,,,
0.6638964,337150,,,,,
0.7232658,337200,,,,,
0.7513705,337250,,,,,
0.78446645,337300,,,,,
0.8185085,337350,,,,,
0.728763,337400,,,,,
0.7098203,337450,,,,,
0.8457087,337500,,,,,
0.75047094,337550,,,,,
0.70057297,337600,,,,,
0.7833023,337650,,,,,
0.73813355,337700,,,,,
0.68213993,337750,,,,,
0.84466684,337800,,,,,
0.6556365,337850,,,,,
0.7587655,337900,,,,,
0.82571816,337950,,,,,
0.6823371,338000,,,,,
0.7510226,338050,,,,,
0.69229126,338100,,,,,
0.7198666,338150,,,,,
0.82347965,338200,,,,,
0.73204875,338250,,,,,
0.7517224,338300,,,,,
0.8370442,338350,,,,,
0.82149464,338400,,,,,
0.74275744,338450,,,,,
0.7135107,338500,,,,,
0.8005478,338550,,,,,
0.74276936,338600,,,,,
0.72439283,338650,,,,,
0.79617447,338700,,,,,
0.7748921,338750,,,,,
0.7226805,338800,,,,,
0.897616,338850,,,,,
0.7709093,338900,,,,,
0.7250163,338950,,,,,
0.7854309,339000,,,,,
0.7170249,339050,,,,,
0.81201565,339100,,,,,
0.7907425,339150,,,,,
0.6823862,339200,,,,,
0.7581681,339250,,,,,
0.85722685,339300,,,,,
0.6664058,339350,,,,,
0.81716603,339400,,,,,
0.79636496,339450,,,,,
0.922752,339500,,,,,
0.7773129,339550,,,,,
0.68675065,339600,,,,,
0.73947227,339650,,,,,
0.76150143,339700,,,,,
0.82354975,339750,,,,,
0.67670155,339800,,,,,
0.7924675,339850,,,,,
0.747175,339900,,,,,
0.68215156,339950,,,,,
0.7170842,340000,,,,,
,340000,0.010397331826016307,,,,
,340000,,0.12235071,,,
,340000,,,122.0,,
,340000,,,,3.994229666888714,
0.8080658,340050,,,,,
0.7819764,340100,,,,,
0.76281524,340150,,,,,
0.7089752,340200,,,,,
0.6630853,340250,,,,,
0.8271526,340300,,,,,
0.7689934,340350,,,,,
0.8570614,340400,,,,,
0.74299055,340450,,,,,
0.6888215,340500,,,,,
0.78831565,340550,,,,,
0.749877,340600,,,,,
0.6713337,340650,,,,,
0.826319,340700,,,,,
0.79404575,340750,,,,,
0.7283284,340800,,,,,
0.72406054,340850,,,,,
0.7346027,340900,,,,,
0.6888302,340950,,,,,
0.8033054,341000,,,,,
0.81235105,341050,,,,,
0.825653,341100,,,,,
0.82498246,341150,,,,,
0.79217327,341200,,,,,
0.6639343,341250,,,,,
0.7206805,341300,,,,,
0.7386506,341350,,,,,
0.7532696,341400,,,,,
0.8224425,341450,,,,,
0.70571464,341500,,,,,
0.79382646,341550,,,,,
0.83604276,341600,,,,,
0.7434439,341650,,,,,
0.7412024,341700,,,,,
0.7736448,341750,,,,,
0.8346493,341800,,,,,
0.68454313,341850,,,,,
0.6961938,341900,,,,,
0.784258,341950,,,,,
0.8061132,342000,,,,,
0.7776579,342050,,,,,
0.7910936,342100,,,,,
0.8128415,342150,,,,,
0.6649126,342200,,,,,
0.71705306,342250,,,,,
0.77329314,342300,,,,,
0.80421877,342350,,,,,
0.783632,342400,,,,,
0.77852833,342450,,,,,
0.87525284,342500,,,,,
0.79510653,342550,,,,,
0.6207609,342600,,,,,
0.6458971,342650,,,,,
0.70926535,342700,,,,,
0.8042543,342750,,,,,
0.789183,342800,,,,,
0.7184108,342850,,,,,
0.7674951,342900,,,,,
0.7205155,342950,,,,,
0.79114014,343000,,,,,
0.6790941,343050,,,,,
0.74878305,343100,,,,,
0.77526975,343150,,,,,
0.71985054,343200,,,,,
0.71047574,343250,,,,,
0.865805,343300,,,,,
0.5962226,343350,,,,,
0.8833767,343400,,,,,
0.8557301,343450,,,,,
0.7841164,343500,,,,,
0.7364763,343550,,,,,
0.6930223,343600,,,,,
0.7284672,343650,,,,,
0.76014173,343700,,,,,
0.75597495,343750,,,,,
0.7761522,343800,,,,,
0.78739333,343850,,,,,
0.86766213,343900,,,,,
0.79877406,343950,,,,,
0.845249,344000,,,,,
0.76309603,344050,,,,,
0.75376904,344100,,,,,
0.77118206,344150,,,,,
0.72090006,344200,,,,,
0.7039343,344250,,,,,
0.787601,344300,,,,,
0.7812334,344350,,,,,
0.8309592,344400,,,,,
0.65963626,344450,,,,,
0.87343204,344500,,,,,
0.72958255,344550,,,,,
0.7860692,344600,,,,,
0.81004155,344650,,,,,
0.73322,344700,,,,,
0.6538144,344750,,,,,
0.7613163,344800,,,,,
0.78418815,344850,,,,,
0.7885832,344900,,,,,
0.82878786,344950,,,,,
0.79871744,345000,,,,,
0.81631154,345050,,,,,
0.7899513,345100,,,,,
0.8016819,345150,,,,,
0.77199686,345200,,,,,
0.7337588,345250,,,,,
0.7581388,345300,,,,,
0.6711051,345350,,,,,
0.8790943,345400,,,,,
0.7628894,345450,,,,,
0.80305904,345500,,,,,
0.7321259,345550,,,,,
0.75649166,345600,,,,,
0.6941079,345650,,,,,
0.8246639,345700,,,,,
0.8067672,345750,,,,,
0.7599553,345800,,,,,
0.7135836,345850,,,,,
0.82037693,345900,,,,,
0.6964693,345950,,,,,
0.7392152,346000,,,,,
0.7528589,346050,,,,,
0.75735027,346100,,,,,
0.7638702,346150,,,,,
0.71946156,346200,,,,,
0.848003,346250,,,,,
0.6736547,346300,,,,,
0.6780954,346350,,,,,
0.7124264,346400,,,,,
0.7497647,346450,,,,,
0.86029303,346500,,,,,
0.89659446,346550,,,,,
0.82688093,346600,,,,,
0.7321299,346650,,,,,
0.79527044,346700,,,,,
0.66538346,346750,,,,,
0.7804273,346800,,,,,
0.74336416,346850,,,,,
0.77512723,346900,,,,,
0.7195733,346950,,,,,
0.760833,347000,,,,,
0.7600442,347050,,,,,
0.6907844,347100,,,,,
0.7598882,347150,,,,,
0.80420274,347200,,,,,
0.8172683,347250,,,,,
0.7949936,347300,,,,,
0.855831,347350,,,,,
0.63097286,347400,,,,,
0.8185036,347450,,,,,
0.7244426,347500,,,,,
0.71519727,347550,,,,,
0.77794343,347600,,,,,
0.8179491,347650,,,,,
0.76036596,347700,,,,,
0.8136155,347750,,,,,
0.7511811,347800,,,,,
0.74274373,347850,,,,,
0.7926427,347900,,,,,
0.7942483,347950,,,,,
0.7636604,348000,,,,,
0.659245,348050,,,,,
0.7670926,348100,,,,,
0.6747571,348150,,,,,
0.7579036,348200,,,,,
0.8255992,348250,,,,,
0.75228965,348300,,,,,
0.8153507,348350,,,,,
0.66928893,348400,,,,,
0.86268425,348450,,,,,
0.74974597,348500,,,,,
0.74241376,348550,,,,,
0.67778647,348600,,,,,
0.73873365,348650,,,,,
0.7808157,348700,,,,,
0.8167036,348750,,,,,
0.85293496,348800,,,,,
0.7824556,348850,,,,,
0.6306473,348900,,,,,
0.75054693,348950,,,,,
0.7054316,349000,,,,,
0.74408066,349050,,,,,
0.578404,349100,,,,,
0.8529937,349150,,,,,
0.9170083,349200,,,,,
0.74833447,349250,,,,,
0.82076466,349300,,,,,
0.6817486,349350,,,,,
0.749583,349400,,,,,
0.73682535,349450,,,,,
0.76271605,349500,,,,,
0.7680758,349550,,,,,
0.8014038,349600,,,,,
0.71992326,349650,,,,,
0.7821338,349700,,,,,
0.7719308,349750,,,,,
0.8335466,349800,,,,,
0.7861992,349850,,,,,
0.76329136,349900,,,,,
0.86115587,349950,,,,,
0.7985063,350000,,,,,
,350000,0.010343709403276443,,,,
,350000,,0.11073949,,,
,350000,,,131.0,,
,350000,,,,3.9972395598888397,
0.71773064,350050,,,,,
0.7401428,350100,,,,,
0.7817633,350150,,,,,
0.81260073,350200,,,,,
0.74266684,350250,,,,,
0.7270042,350300,,,,,
0.73550403,350350,,,,,
0.86085093,350400,,,,,
0.70931995,350450,,,,,
0.78060067,350500,,,,,
0.7727265,350550,,,,,
0.76395786,350600,,,,,
0.8326402,350650,,,,,
0.75930107,350700,,,,,
0.7821882,350750,,,,,
0.86718965,350800,,,,,
0.86652243,350850,,,,,
0.69488287,350900,,,,,
0.6594823,350950,,,,,
0.8309821,351000,,,,,
0.7332703,351050,,,,,
0.76297736,351100,,,,,
0.7412024,351150,,,,,
0.72735,351200,,,,,
0.7376114,351250,,,,,
0.76055706,351300,,,,,
0.77322805,351350,,,,,
0.7131367,351400,,,,,
0.82184696,351450,,,,,
0.8227412,351500,,,,,
0.7602099,351550,,,,,
0.7842987,351600,,,,,
0.7600485,351650,,,,,
0.72322357,351700,,,,,
0.72559243,351750,,,,,
0.7041578,351800,,,,,
0.84462273,351850,,,,,
0.74936485,351900,,,,,
0.66668963,351950,,,,,
0.7254201,352000,,,,,
0.70538294,352050,,,,,
0.8268995,352100,,,,,
0.7947237,352150,,,,,
0.8113459,352200,,,,,
0.64391613,352250,,,,,
0.8366025,352300,,,,,
0.76034266,352350,,,,,
0.7507403,352400,,,,,
0.76063913,352450,,,,,
0.8171098,352500,,,,,
0.84504503,352550,,,,,
0.7384982,352600,,,,,
0.7071849,352650,,,,,
0.75581074,352700,,,,,
0.85969615,352750,,,,,
0.73862535,352800,,,,,
0.8055477,352850,,,,,
0.7836477,352900,,,,,
0.7703848,352950,,,,,
0.7977185,353000,,,,,
0.7262503,353050,,,,,
0.7195379,353100,,,,,
0.71297216,353150,,,,,
0.68945384,353200,,,,,
0.73609716,353250,,,,,
0.7598016,353300,,,,,
0.817981,353350,,,,,
0.645618,353400,,,,,
0.8420416,353450,,,,,
0.7084926,353500,,,,,
0.8222548,353550,,,,,
0.7513846,353600,,,,,
0.847183,353650,,,,,
0.7649323,353700,,,,,
0.75151557,353750,,,,,
0.77237827,353800,,,,,
0.8453852,353850,,,,,
0.7724815,353900,,,,,
0.72411084,353950,,,,,
0.83239484,354000,,,,,
0.706994,354050,,,,,
0.73413885,354100,,,,,
0.76775706,354150,,,,,
0.6147572,354200,,,,,
0.7062915,354250,,,,,
0.70022273,354300,,,,,
0.7691639,354350,,,,,
0.78354716,354400,,,,,
0.73714256,354450,,,,,
0.74251986,354500,,,,,
0.78626835,354550,,,,,
0.8438873,354600,,,,,
0.8063799,354650,,,,,
0.7253795,354700,,,,,
0.79648507,354750,,,,,
0.78112036,354800,,,,,
0.7498892,354850,,,,,
0.72678804,354900,,,,,
0.7020601,354950,,,,,
0.86568254,355000,,,,,
0.7788425,355050,,,,,
0.69644535,355100,,,,,
0.66472983,355150,,,,,
0.7390382,355200,,,,,
0.7276476,355250,,,,,
0.7447195,355300,,,,,
0.6984713,355350,,,,,
0.66415775,355400,,,,,
0.7722398,355450,,,,,
0.7190745,355500,,,,,
0.81117827,355550,,,,,
0.8521264,355600,,,,,
0.75961983,355650,,,,,
0.76296175,355700,,,,,
0.7728977,355750,,,,,
0.78543127,355800,,,,,
0.7897859,355850,,,,,
0.76756454,355900,,,,,
0.78419137,355950,,,,,
0.7545109,356000,,,,,
0.8026733,356050,,,,,
0.8983608,356100,,,,,
0.7301937,356150,,,,,
0.7636049,356200,,,,,
0.7410305,356250,,,,,
0.8127824,356300,,,,,
0.70553374,356350,,,,,
0.9145075,356400,,,,,
0.6896294,356450,,,,,
0.7682579,356500,,,,,
0.7324498,356550,,,,,
0.7955841,356600,,,,,
0.6970748,356650,,,,,
0.7394068,356700,,,,,
0.7835754,356750,,,,,
0.7635149,356800,,,,,
0.746436,356850,,,,,
0.7128937,356900,,,,,
0.71998453,356950,,,,,
0.7727276,357000,,,,,
0.8084414,357050,,,,,
0.75348896,357100,,,,,
0.79671603,357150,,,,,
0.7531873,357200,,,,,
0.7981532,357250,,,,,
0.7840374,357300,,,,,
0.8163567,357350,,,,,
0.7905794,357400,,,,,
0.69939995,357450,,,,,
0.7782882,357500,,,,,
0.8839644,357550,,,,,
0.7583786,357600,,,,,
0.74558103,357650,,,,,
0.7776159,357700,,,,,
0.7401967,357750,,,,,
0.8066807,357800,,,,,
0.7549317,357850,,,,,
0.7825462,357900,,,,,
0.78215027,357950,,,,,
0.6066519,358000,,,,,
0.77727914,358050,,,,,
0.82501024,358100,,,,,
0.74613595,358150,,,,,
0.6677946,358200,,,,,
0.79687613,358250,,,,,
0.7734877,358300,,,,,
0.7543658,358350,,,,,
0.72312427,358400,,,,,
0.7834049,358450,,,,,
0.83659244,358500,,,,,
0.73613954,358550,,,,,
0.732113,358600,,,,,
0.8103235,358650,,,,,
0.6985266,358700,,,,,
0.8741683,358750,,,,,
0.7126812,358800,,,,,
0.7369484,358850,,,,,
0.8154714,358900,,,,,
0.7942618,358950,,,,,
0.7049649,359000,,,,,
0.6942258,359050,,,,,
0.73383254,359100,,,,,
0.7825587,359150,,,,,
0.6983141,359200,,,,,
0.7083901,359250,,,,,
0.7704432,359300,,,,,
0.85425705,359350,,,,,
0.7479537,359400,,,,,
0.6844405,359450,,,,,
0.72362864,359500,,,,,
0.6980729,359550,,,,,
0.718918,359600,,,,,
0.79108196,359650,,,,,
0.8456789,359700,,,,,
0.8176632,359750,,,,,
0.7002175,359800,,,,,
0.76307464,359850,,,,,
0.7587751,359900,,,,,
0.77984834,359950,,,,,
0.7287953,360000,,,,,
,360000,0.010370717196911574,,,,
,360000,,0.11952545,,,
,360000,,,128.0,,
,360000,,,,3.871993448585272,
0.7615472,360050,,,,,
0.81248593,360100,,,,,
0.7691075,360150,,,,,
0.7620391,360200,,,,,
0.75837517,360250,,,,,
0.78024435,360300,,,,,
0.78234315,360350,,,,,
0.75686,360400,,,,,
0.8555775,360450,,,,,
0.6877842,360500,,,,,
0.7739923,360550,,,,,
0.78536224,360600,,,,,
0.7871371,360650,,,,,
0.7711334,360700,,,,,
0.7928622,360750,,,,,
0.7145637,360800,,,,,
0.6937341,360850,,,,,
0.7133655,360900,,,,,
0.7754665,360950,,,,,
0.7675098,361000,,,,,
0.8102273,361050,,,,,
0.6389756,361100,,,,,
0.7748003,361150,,,,,
0.7520036,361200,,,,,
0.73709476,361250,,,,,
0.70652926,361300,,,,,
0.70761865,361350,,,,,
0.7145065,361400,,,,,
0.74633944,361450,,,,,
0.7358805,361500,,,,,
0.68353504,361550,,,,,
0.7301867,361600,,,,,
0.6941818,361650,,,,,
0.8156194,361700,,,,,
0.6494509,361750,,,,,
0.8916481,361800,,,,,
0.770819,361850,,,,,
0.96070457,361900,,,,,
0.8343266,361950,,,,,
0.8854131,362000,,,,,
0.79065025,362050,,,,,
0.858467,362100,,,,,
0.7721039,362150,,,,,
0.690983,362200,,,,,
0.7728891,362250,,,,,
0.692338,362300,,,,,
0.76883173,362350,,,,,
0.71330285,362400,,,,,
0.6817571,362450,,,,,
0.74218494,362500,,,,,
0.9039311,362550,,,,,
0.7526448,362600,,,,,
0.71405363,362650,,,,,
0.74217504,362700,,,,,
0.8705174,362750,,,,,
0.80277145,362800,,,,,
0.79539526,362850,,,,,
0.66516703,362900,,,,,
0.827533,362950,,,,,
0.71372116,363000,,,,,
0.7073197,363050,,,,,
0.75950706,363100,,,,,
0.8191177,363150,,,,,
0.80431926,363200,,,,,
0.7296533,363250,,,,,
0.71385473,363300,,,,,
0.736262,363350,,,,,
0.7208785,363400,,,,,
0.80917215,363450,,,,,
0.9468842,363500,,,,,
0.7989143,363550,,,,,
0.72652495,363600,,,,,
0.6618075,363650,,,,,
0.76264226,363700,,,,,
0.7816738,363750,,,,,
0.6984116,363800,,,,,
0.6620422,363850,,,,,
0.6976036,363900,,,,,
0.7802627,363950,,,,,
0.8337769,364000,,,,,
0.71318793,364050,,,,,
0.88892424,364100,,,,,
0.73391724,364150,,,,,
0.80117965,364200,,,,,
0.7432599,364250,,,,,
0.7017422,364300,,,,,
0.7115635,364350,,,,,
0.78892136,364400,,,,,
0.7901562,364450,,,,,
0.7859104,364500,,,,,
0.78004354,364550,,,,,
0.857736,364600,,,,,
0.7466016,364650,,,,,
0.8262858,364700,,,,,
0.7903585,364750,,,,,
0.7467619,364800,,,,,
0.7260759,364850,,,,,
0.7650053,364900,,,,,
0.6958493,364950,,,,,
0.74964845,365000,,,,,
0.7023019,365050,,,,,
0.6950111,365100,,,,,
0.6829603,365150,,,,,
0.69064677,365200,,,,,
0.754659,365250,,,,,
0.7349311,365300,,,,,
0.7984693,365350,,,,,
0.7785869,365400,,,,,
0.64162695,365450,,,,,
0.7701839,365500,,,,,
0.65066296,365550,,,,,
0.6734205,365600,,,,,
0.72864884,365650,,,,,
0.7586572,365700,,,,,
0.8604244,365750,,,,,
0.818146,365800,,,,,
0.7367077,365850,,,,,
0.80473983,365900,,,,,
0.7060982,365950,,,,,
0.7537402,366000,,,,,
0.70316553,366050,,,,,
0.773868,366100,,,,,
0.7592175,366150,,,,,
0.74118006,366200,,,,,
0.74703103,366250,,,,,
0.7999548,366300,,,,,
0.71158123,366350,,,,,
0.7964494,366400,,,,,
0.70045555,366450,,,,,
0.7154964,366500,,,,,
0.7045269,366550,,,,,
0.65030664,366600,,,,,
0.68182415,366650,,,,,
0.69217455,366700,,,,,
0.77669907,366750,,,,,
0.75924826,366800,,,,,
0.743727,366850,,,,,
0.7294528,366900,,,,,
0.7868837,366950,,,,,
0.79715276,367000,,,,,
0.7965461,367050,,,,,
0.74199057,367100,,,,,
0.7630276,367150,,,,,
0.7953069,367200,,,,,
0.7203587,367250,,,,,
0.7134546,367300,,,,,
0.7668653,367350,,,,,
0.73433375,367400,,,,,
0.7233951,367450,,,,,
0.6648106,367500,,,,,
0.6500765,367550,,,,,
0.82330716,367600,,,,,
0.93307054,367650,,,,,
0.7869012,367700,,,,,
0.7575755,367750,,,,,
0.7976626,367800,,,,,
0.7392416,367850,,,,,
0.83617026,367900,,,,,
0.6800332,367950,,,,,
0.76686215,368000,,,,,
0.7473605,368050,,,,,
0.6877593,368100,,,,,
0.7429911,368150,,,,,
0.89121103,368200,,,,,
0.67197466,368250,,,,,
0.8092842,368300,,,,,
0.73331,368350,,,,,
0.8212025,368400,,,,,
0.70819646,368450,,,,,
0.7627912,368500,,,,,
0.7318933,368550,,,,,
0.75583947,368600,,,,,
0.693789,368650,,,,,
0.7673927,368700,,,,,
0.7409525,368750,,,,,
0.75739783,368800,,,,,
0.86062115,368850,,,,,
0.856879,368900,,,,,
0.8012564,368950,,,,,
0.6752062,369000,,,,,
0.8155834,369050,,,,,
0.79447716,369100,,,,,
0.771042,369150,,,,,
0.8093847,369200,,,,,
0.90513,369250,,,,,
0.77154374,369300,,,,,
0.8343271,369350,,,,,
0.8380686,369400,,,,,
0.68724966,369450,,,,,
0.66574264,369500,,,,,
0.6967651,369550,,,,,
0.7363421,369600,,,,,
0.6911193,369650,,,,,
0.7392818,369700,,,,,
0.76463103,369750,,,,,
0.71166754,369800,,,,,
0.7158972,369850,,,,,
0.73461574,369900,,,,,
0.7636453,369950,,,,,
0.7820902,370000,,,,,
,370000,0.010734502882137894,,,,
,370000,,0.13001417,,,
,370000,,,131.0,,
,370000,,,,3.9734299033880234,
0.69715047,370050,,,,,
0.7570248,370100,,,,,
0.78928727,370150,,,,,
0.7297313,370200,,,,,
0.6942935,370250,,,,,
0.8144679,370300,,,,,
0.7665994,370350,,,,,
0.68427896,370400,,,,,
0.820614,370450,,,,,
0.7876762,370500,,,,,
0.8421912,370550,,,,,
0.8076318,370600,,,,,
0.770053,370650,,,,,
0.5994904,370700,,,,,
0.8001193,370750,,,,,
0.81767356,370800,,,,,
0.8127152,370850,,,,,
0.69590473,370900,,,,,
0.7131529,370950,,,,,
0.8217905,371000,,,,,
0.79405034,371050,,,,,
0.7363093,371100,,,,,
0.70182794,371150,,,,,
0.85693955,371200,,,,,
0.7653686,371250,,,,,
0.80963725,371300,,,,,
0.70136595,371350,,,,,
0.74189687,371400,,,,,
0.6600256,371450,,,,,
0.81439596,371500,,,,,
0.74534273,371550,,,,,
0.82233465,371600,,,,,
0.8821376,371650,,,,,
0.773211,371700,,,,,
0.77660495,371750,,,,,
0.6278162,371800,,,,,
0.71386725,371850,,,,,
0.69147754,371900,,,,,
0.70802045,371950,,,,,
0.75105876,372000,,,,,
0.67335814,372050,,,,,
0.8278757,372100,,,,,
0.6733083,372150,,,,,
0.7984185,372200,,,,,
0.7982557,372250,,,,,
0.67558044,372300,,,,,
0.7707504,372350,,,,,
0.75143456,372400,,,,,
0.704267,372450,,,,,
0.71640265,372500,,,,,
0.7589301,372550,,,,,
0.7887303,372600,,,,,
0.7821371,372650,,,,,
0.7318659,372700,,,,,
0.6928512,372750,,,,,
0.73453903,372800,,,,,
0.7941036,372850,,,,,
0.8390584,372900,,,,,
0.7267418,372950,,,,,
0.82235575,373000,,,,,
0.884545,373050,,,,,
0.76632196,373100,,,,,
0.7827413,373150,,,,,
0.8046802,373200,,,,,
0.84232104,373250,,,,,
0.8454815,373300,,,,,
0.68725014,373350,,,,,
0.8023009,373400,,,,,
0.7630123,373450,,,,,
0.72236603,373500,,,,,
0.6970713,373550,,,,,
0.9040944,373600,,,,,
0.7758513,373650,,,,,
0.8301428,373700,,,,,
0.71428746,373750,,,,,
0.67512524,373800,,,,,
0.7540889,373850,,,,,
0.7132262,373900,,,,,
0.88224995,373950,,,,,
0.8750085,374000,,,,,
0.82087624,374050,,,,,
0.82108146,374100,,,,,
0.7534012,374150,,,,,
0.76335514,374200,,,,,
0.72576696,374250,,,,,
0.72861236,374300,,,,,
0.7509476,374350,,,,,
0.75114155,374400,,,,,
0.7119305,374450,,,,,
0.76104236,374500,,,,,
0.88081956,374550,,,,,
0.836133,374600,,,,,
0.6687004,374650,,,,,
0.7264656,374700,,,,,
0.75297344,374750,,,,,
0.717375,374800,,,,,
0.71589315,374850,,,,,
0.76256764,374900,,,,,
0.83247197,374950,,,,,
0.82005954,375000,,,,,
0.72209835,375050,,,,,
0.78616416,375100,,,,,
0.74673533,375150,,,,,
0.73623884,375200,,,,,
0.807098,375250,,,,,
0.78386426,375300,,,,,
0.8437707,375350,,,,,
0.7649776,375400,,,,,
0.74626416,375450,,,,,
0.7201996,375500,,,,,
0.82071376,375550,,,,,
0.6862941,375600,,,,,
0.65972674,375650,,,,,
0.758809,375700,,,,,
0.6942562,375750,,,,,
0.74487996,375800,,,,,
0.7779305,375850,,,,,
0.7124953,375900,,,,,
0.74851835,375950,,,,,
0.67717373,376000,,,,,
0.79280466,376050,,,,,
0.7356155,376100,,,,,
0.7284523,376150,,,,,
0.8020959,376200,,,,,
0.7567868,376250,,,,,
0.85042983,376300,,,,,
0.7532519,376350,,,,,
0.7381171,376400,,,,,
0.83645284,376450,,,,,
0.79899615,376500,,,,,
0.8325417,376550,,,,,
0.7418511,376600,,,,,
0.7912661,376650,,,,,
0.8155228,376700,,,,,
0.73366517,376750,,,,,
0.7673423,376800,,,,,
0.7772833,376850,,,,,
0.7172451,376900,,,,,
0.7616423,376950,,,,,
0.797985,377000,,,,,
0.69052696,377050,,,,,
0.85559106,377100,,,,,
0.7665746,377150,,,,,
0.6948993,377200,,,,,
0.7336837,377250,,,,,
0.7859285,377300,,,,,
0.7613176,377350,,,,,
0.8178785,377400,,,,,
0.81294703,377450,,,,,
0.75708246,377500,,,,,
0.8123314,377550,,,,,
0.71656024,377600,,,,,
0.8312675,377650,,,,,
0.8258717,377700,,,,,
0.7557887,377750,,,,,
0.7108649,377800,,,,,
0.681075,377850,,,,,
0.6904079,377900,,,,,
0.8139484,377950,,,,,
0.6942205,378000,,,,,
0.821872,378050,,,,,
0.7823472,378100,,,,,
0.6436528,378150,,,,,
0.8034089,378200,,,,,
0.73700666,378250,,,,,
0.78400886,378300,,,,,
0.8301891,378350,,,,,
0.766361,378400,,,,,
0.7202432,378450,,,,,
0.6736762,378500,,,,,
0.7366911,378550,,,,,
0.7609713,378600,,,,,
0.7211513,378650,,,,,
0.83927643,378700,,,,,
0.7294744,378750,,,,,
0.73337066,378800,,,,,
0.73998404,378850,,,,,
0.7915375,378900,,,,,
0.8387889,378950,,,,,
0.75432754,379000,,,,,
0.76884884,379050,,,,,
0.83587825,379100,,,,,
0.8221433,379150,,,,,
0.8118385,379200,,,,,
0.7468717,379250,,,,,
0.81512904,379300,,,,,
0.7775587,379350,,,,,
0.8035084,379400,,,,,
0.8544123,379450,,,,,
0.78446776,379500,,,,,
0.7364943,379550,,,,,
0.8225132,379600,,,,,
0.7308408,379650,,,,,
0.7498247,379700,,,,,
0.73881143,379750,,,,,
0.66223097,379800,,,,,
0.8079414,379850,,,,,
0.6920032,379900,,,,,
0.7373,379950,,,,,
0.75494266,380000,,,,,
,380000,0.010310230812057853,,,,
,380000,,0.12014748,,,
,380000,,,131.0,,
,380000,,,,4.058520123362541,
0.7807773,380050,,,,,
0.83330953,380100,,,,,
0.78101635,380150,,,,,
0.7927785,380200,,,,,
0.684253,380250,,,,,
0.8041928,380300,,,,,
0.6913767,380350,,,,,
0.7428818,380400,,,,,
0.7537445,380450,,,,,
0.86822635,380500,,,,,
0.7446632,380550,,,,,
0.744153,380600,,,,,
0.7229835,380650,,,,,
0.8139498,380700,,,,,
0.66800666,380750,,,,,
0.7319872,380800,,,,,
0.7998411,380850,,,,,
0.82679445,380900,,,,,
0.7768525,380950,,,,,
0.75216687,381000,,,,,
0.80585825,381050,,,,,
0.7218008,381100,,,,,
0.73893905,381150,,,,,
0.8555872,381200,,,,,
0.9098046,381250,,,,,
0.81178105,381300,,,,,
0.72116673,381350,,,,,
0.8779385,381400,,,,,
0.80539125,381450,,,,,
0.7361673,381500,,,,,
0.7698621,381550,,,,,
0.8095888,381600,,,,,
0.6888006,381650,,,,,
0.78393096,381700,,,,,
0.68233055,381750,,,,,
0.75680876,381800,,,,,
0.822384,381850,,,,,
0.81502175,381900,,,,,
0.7668822,381950,,,,,
0.68919975,382000,,,,,
0.8444332,382050,,,,,
0.73983896,382100,,,,,
0.71828806,382150,,,,,
0.7663813,382200,,,,,
0.8728567,382250,,,,,
0.69453925,382300,,,,,
0.70082885,382350,,,,,
0.79974735,382400,,,,,
0.70883405,382450,,,,,
0.8004371,382500,,,,,
0.69642717,382550,,,,,
0.7465625,382600,,,,,
0.7461411,382650,,,,,
0.73863304,382700,,,,,
0.6831325,382750,,,,,
0.80971813,382800,,,,,
0.6300874,382850,,,,,
0.76303494,382900,,,,,
0.77577615,382950,,,,,
0.73655427,383000,,,,,
0.8081629,383050,,,,,
0.7118865,383100,,,,,
0.7624686,383150,,,,,
0.746387,383200,,,,,
0.74068964,383250,,,,,
0.80219805,383300,,,,,
0.7416474,383350,,,,,
0.8065313,383400,,,,,
0.879279,383450,,,,,
0.7385528,383500,,,,,
0.84161925,383550,,,,,
0.752529,383600,,,,,
0.71731484,383650,,,,,
0.64353484,383700,,,,,
0.69720364,383750,,,,,
0.86368495,383800,,,,,
0.802086,383850,,,,,
0.7270386,383900,,,,,
0.78970075,383950,,,,,
0.6884637,384000,,,,,
0.74797285,384050,,,,,
0.7233772,384100,,,,,
0.7297968,384150,,,,,
0.6887549,384200,,,,,
0.78714895,384250,,,,,
0.60504055,384300,,,,,
0.79800445,384350,,,,,
0.86574817,384400,,,,,
0.6280196,384450,,,,,
0.7415949,384500,,,,,
0.6897918,384550,,,,,
0.7092899,384600,,,,,
0.7728496,384650,,,,,
0.7936595,384700,,,,,
0.7408725,384750,,,,,
0.7312055,384800,,,,,
0.7307058,384850,,,,,
0.68035066,384900,,,,,
0.79235566,384950,,,,,
0.7689714,385000,,,,,
0.8418323,385050,,,,,
0.77208185,385100,,,,,
0.7016976,385150,,,,,
0.6334225,385200,,,,,
0.7012569,385250,,,,,
0.76438177,385300,,,,,
0.6938896,385350,,,,,
0.75326395,385400,,,,,
0.7054633,385450,,,,,
0.71946406,385500,,,,,
0.6409962,385550,,,,,
0.7089609,385600,,,,,
0.81410944,385650,,,,,
0.6230515,385700,,,,,
0.67975974,385750,,,,,
0.73428625,385800,,,,,
0.770133,385850,,,,,
0.6766211,385900,,,,,
0.8311277,385950,,,,,
0.74591386,386000,,,,,
0.70296943,386050,,,,,
0.85070336,386100,,,,,
0.8003857,386150,,,,,
0.7757403,386200,,,,,
0.780974,386250,,,,,
0.78211653,386300,,,,,
0.66187096,386350,,,,,
0.8020283,386400,,,,,
0.8102532,386450,,,,,
0.81734455,386500,,,,,
0.78955895,386550,,,,,
0.77497184,386600,,,,,
0.76778656,386650,,,,,
0.7127043,386700,,,,,
0.73509383,386750,,,,,
0.66744256,386800,,,,,
0.79822046,386850,,,,,
0.78402644,386900,,,,,
0.7906538,386950,,,,,
0.70071006,387000,,,,,
0.7885588,387050,,,,,
0.7860373,387100,,,,,
0.8595286,387150,,,,,
0.8791218,387200,,,,,
0.63432163,387250,,,,,
0.7916958,387300,,,,,
0.7837328,387350,,,,,
0.7255521,387400,,,,,
0.72382545,387450,,,,,
0.8212399,387500,,,,,
0.6798392,387550,,,,,
0.7138729,387600,,,,,
0.77738863,387650,,,,,
0.70429665,387700,,,,,
0.65434873,387750,,,,,
0.7405342,387800,,,,,
0.7511288,387850,,,,,
0.8137926,387900,,,,,
0.85257864,387950,,,,,
0.7171521,388000,,,,,
0.7964176,388050,,,,,
0.8635919,388100,,,,,
0.7429903,388150,,,,,
0.7306025,388200,,,,,
0.69014907,388250,,,,,
0.7780923,388300,,,,,
0.69582903,388350,,,,,
0.85960877,388400,,,,,
0.71590817,388450,,,,,
0.8263861,388500,,,,,
0.7740935,388550,,,,,
0.77819955,388600,,,,,
0.7402251,388650,,,,,
0.795721,388700,,,,,
0.7763578,388750,,,,,
0.7184031,388800,,,,,
0.7040905,388850,,,,,
0.63435847,388900,,,,,
0.7219524,388950,,,,,
0.81034935,389000,,,,,
0.7154226,389050,,,,,
0.7833315,389100,,,,,
0.67987806,389150,,,,,
0.7090263,389200,,,,,
0.7874007,389250,,,,,
0.80512726,389300,,,,,
0.7138079,389350,,,,,
0.7911192,389400,,,,,
0.74207824,389450,,,,,
0.89105445,389500,,,,,
0.83183706,389550,,,,,
0.75568056,389600,,,,,
0.74294275,389650,,,,,
0.7671114,389700,,,,,
0.9082043,389750,,,,,
0.73855954,389800,,,,,
0.8536644,389850,,,,,
0.798079,389900,,,,,
0.84382534,389950,,,,,
0.7808072,390000,,,,,
,390000,0.01028495737053454,,,,
,390000,,0.14012341,,,
,390000,,,122.0,,
,390000,,,,3.9534348025918007,
0.72163975,390050,,,,,
0.8218701,390100,,,,,
0.7319832,390150,,,,,
0.74548537,390200,,,,,
0.90844846,390250,,,,,
0.807345,390300,,,,,
0.7796972,390350,,,,,
0.79868174,390400,,,,,
0.6890561,390450,,,,,
0.764133,390500,,,,,
0.8055437,390550,,,,,
0.78028023,390600,,,,,
0.74050295,390650,,,,,
0.739697,390700,,,,,
0.7710755,390750,,,,,
0.7797239,390800,,,,,
0.77506113,390850,,,,,
0.77139044,390900,,,,,
0.68687105,390950,,,,,
0.7290187,391000,,,,,
0.7837922,391050,,,,,
0.82600015,391100,,,,,
0.73274624,391150,,,,,
0.69998395,391200,,,,,
0.7596222,391250,,,,,
0.7045318,391300,,,,,
0.78240055,391350,,,,,
0.7662055,391400,,,,,
0.73436487,391450,,,,,
0.6920222,391500,,,,,
0.67498386,391550,,,,,
0.70407385,391600,,,,,
0.6712374,391650,,,,,
0.7269644,391700,,,,,
0.8393958,391750,,,,,
0.8321259,391800,,,,,
0.7853703,391850,,,,,
0.7725278,391900,,,,,
0.68818825,391950,,,,,
0.82277745,392000,,,,,
0.7213664,392050,,,,,
0.81879264,392100,,,,,
0.81940675,392150,,,,,
0.80773795,392200,,,,,
0.659681,392250,,,,,
0.74974483,392300,,,,,
0.74289286,392350,,,,,
0.8052615,392400,,,,,
0.75356257,392450,,,,,
0.76442504,392500,,,,,
0.7966161,392550,,,,,
0.7507112,392600,,,,,
0.7825506,392650,,,,,
0.7712152,392700,,,,,
0.7238717,392750,,,,,
0.7490377,392800,,,,,
0.70980346,392850,,,,,
0.7856996,392900,,,,,
0.67632324,392950,,,,,
0.7897663,393000,,,,,
0.78361356,393050,,,,,
0.659225,393100,,,,,
0.68839777,393150,,,,,
0.7142703,393200,,,,,
0.7137043,393250,,,,,
0.7893098,393300,,,,,
0.7255004,393350,,,,,
0.7350127,393400,,,,,
0.7403771,393450,,,,,
0.9052422,393500,,,,,
0.6565391,393550,,,,,
0.8051324,393600,,,,,
0.70737064,393650,,,,,
0.78023076,393700,,,,,
0.7131356,393750,,,,,
0.7444479,393800,,,,,
0.82870543,393850,,,,,
0.77276874,393900,,,,,
0.69317377,393950,,,,,
0.7160989,394000,,,,,
0.707808,394050,,,,,
0.6556791,394100,,,,,
0.68542755,394150,,,,,
0.76928055,394200,,,,,
0.7457998,394250,,,,,
0.7484289,394300,,,,,
0.8030976,394350,,,,,
0.7777831,394400,,,,,
0.8116518,394450,,,,,
0.738292,394500,,,,,
0.7419622,394550,,,,,
0.7478345,394600,,,,,
0.7213425,394650,,,,,
0.7393841,394700,,,,,
0.73300433,394750,,,,,
0.7884575,394800,,,,,
0.7878802,394850,,,,,
0.74090135,394900,,,,,
0.76926273,394950,,,,,
0.8054008,395000,,,,,
0.79421586,395050,,,,,
0.72201693,395100,,,,,
0.7222792,395150,,,,,
0.7447887,395200,,,,,
0.7238139,395250,,,,,
0.79211545,395300,,,,,
0.8149004,395350,,,,,
0.7229935,395400,,,,,
0.90425193,395450,,,,,
0.7064941,395500,,,,,
0.79081386,395550,,,,,
0.7602168,395600,,,,,
0.6488224,395650,,,,,
0.7716725,395700,,,,,
0.7003346,395750,,,,,
0.81090945,395800,,,,,
0.77655506,395850,,,,,
0.77189744,395900,,,,,
0.748652,395950,,,,,
0.8387738,396000,,,,,
0.78990036,396050,,,,,
0.7623248,396100,,,,,
0.6921952,396150,,,,,
0.70861185,396200,,,,,
0.78261626,396250,,,,,
0.7551712,396300,,,,,
0.8947716,396350,,,,,
0.84027153,396400,,,,,
0.793236,396450,,,,,
0.7586161,396500,,,,,
0.8438963,396550,,,,,
0.81177735,396600,,,,,
0.7429615,396650,,,,,
0.6570403,396700,,,,,
0.768286,396750,,,,,
0.60685116,396800,,,,,
0.77167845,396850,,,,,
0.83275825,396900,,,,,
0.71956027,396950,,,,,
0.7365709,397000,,,,,
0.7775828,397050,,,,,
0.7288337,397100,,,,,
0.8005911,397150,,,,,
0.7710756,397200,,,,,
0.6728134,397250,,,,,
0.721293,397300,,,,,
0.80202705,397350,,,,,
0.7383225,397400,,,,,
0.9191812,397450,,,,,
0.76659393,397500,,,,,
0.7450598,397550,,,,,
0.62846994,397600,,,,,
0.75625277,397650,,,,,
0.7402247,397700,,,,,
0.8392757,397750,,,,,
0.841467,397800,,,,,
0.76752436,397850,,,,,
0.6346426,397900,,,,,
0.75582933,397950,,,,,
0.75767374,398000,,,,,
0.7074114,398050,,,,,
0.71387845,398100,,,,,
0.7900813,398150,,,,,
0.7040997,398200,,,,,
0.76148283,398250,,,,,
0.742394,398300,,,,,
0.68469673,398350,,,,,
0.74239993,398400,,,,,
0.79173434,398450,,,,,
0.76739943,398500,,,,,
0.69003594,398550,,,,,
0.8564775,398600,,,,,
0.8045184,398650,,,,,
0.7200332,398700,,,,,
0.7857691,398750,,,,,
0.6815047,398800,,,,,
0.7970573,398850,,,,,
0.7204677,398900,,,,,
0.84867346,398950,,,,,
0.8435258,399000,,,,,
0.75152165,399050,,,,,
0.82683796,399100,,,,,
0.81386375,399150,,,,,
0.7429832,399200,,,,,
0.76903945,399250,,,,,
0.7775262,399300,,,,,
0.73702717,399350,,,,,
0.7142788,399400,,,,,
0.7399363,399450,,,,,
0.73263764,399500,,,,,
0.7211542,399550,,,,,
0.72197235,399600,,,,,
0.7251618,399650,,,,,
0.61625564,399700,,,,,
0.697482,399750,,,,,
0.68931377,399800,,,,,
0.72778606,399850,,,,,
0.8632562,399900,,,,,
0.84837234,399950,,,,,
0.7742065,400000,,,,,
,400000,0.010339994597062469,,,,
,400000,,0.1325735,,,
,400000,,,131.0,,
,400000,,,,4.111030224710703,
0.63277066,400050,,,,,
0.77691674,400100,,,,,
0.75453615,400150,,,,,
0.7456336,400200,,,,,
0.81500363,400250,,,,,
0.6544583,400300,,,,,
0.7424629,400350,,,,,
0.7149127,400400,,,,,
0.82044303,400450,,,,,
0.8172564,400500,,,,,
0.76331604,400550,,,,,
0.7454063,400600,,,,,
0.7849605,400650,,,,,
0.7868831,400700,,,,,
0.7515587,400750,,,,,
0.7969199,400800,,,,,
0.77579427,400850,,,,,
0.69338334,400900,,,,,
0.8597904,400950,,,,,
0.6406204,401000,,,,,
0.77894956,401050,,,,,
0.75214434,401100,,,,,
0.84340817,401150,,,,,
0.70389986,401200,,,,,
0.6986309,401250,,,,,
0.74828136,401300,,,,,
0.79318696,401350,,,,,
0.82241386,401400,,,,,
0.70457053,401450,,,,,
0.9040512,401500,,,,,
0.7934445,401550,,,,,
0.89914876,401600,,,,,
0.7351843,401650,,,,,
0.77805555,401700,,,,,
0.7547202,401750,,,,,
0.7834742,401800,,,,,
0.75034285,401850,,,,,
0.70971143,401900,,,,,
0.7508512,401950,,,,,
0.7167172,402000,,,,,
0.7894933,402050,,,,,
0.75528693,402100,,,,,
0.7167243,402150,,,,,
0.70458394,402200,,,,,
0.77807903,402250,,,,,
0.7735633,402300,,,,,
0.681962,402350,,,,,
0.7355004,402400,,,,,
0.8325389,402450,,,,,
0.81753916,402500,,,,,
0.66150105,402550,,,,,
0.74281305,402600,,,,,
0.8433941,402650,,,,,
0.7403457,402700,,,,,
0.865394,402750,,,,,
0.7729584,402800,,,,,
0.7024317,402850,,,,,
0.8236833,402900,,,,,
0.6942007,402950,,,,,
0.6869761,403000,,,,,
0.8079125,403050,,,,,
0.8816717,403100,,,,,
0.8140361,403150,,,,,
0.7059438,403200,,,,,
0.70349926,403250,,,,,
0.75443,403300,,,,,
0.70030946,403350,,,,,
0.73335636,403400,,,,,
0.8471024,403450,,,,,
0.8126702,403500,,,,,
0.770406,403550,,,,,
0.9059505,403600,,,,,
0.7633582,403650,,,,,
0.69575024,403700,,,,,
0.7540957,403750,,,,,
0.6712277,403800,,,,,
0.7070708,403850,,,,,
0.74223435,403900,,,,,
0.7724117,403950,,,,,
0.7168893,404000,,,,,
0.8255317,404050,,,,,
0.7699819,404100,,,,,
0.7447785,404150,,,,,
0.72562236,404200,,,,,
0.75224185,404250,,,,,
0.673472,404300,,,,,
0.7239753,404350,,,,,
0.78535974,404400,,,,,
0.7341533,404450,,,,,
0.77540886,404500,,,,,
0.77824616,404550,,,,,
0.8550378,404600,,,,,
0.81777024,404650,,,,,
0.7487235,404700,,,,,
0.814708,404750,,,,,
0.72771466,404800,,,,,
0.730998,404850,,,,,
0.7915981,404900,,,,,
0.7151857,404950,,,,,
0.7335265,405000,,,,,
0.71636677,405050,,,,,
0.7983723,405100,,,,,
0.74840194,405150,,,,,
0.8006498,405200,,,,,
0.7973362,405250,,,,,
0.8021946,405300,,,,,
0.8715769,405350,,,,,
0.75585824,405400,,,,,
0.8231583,405450,,,,,
0.7776041,405500,,,,,
0.8464912,405550,,,,,
0.73609495,405600,,,,,
0.8138706,405650,,,,,
0.70888484,405700,,,,,
0.85225356,405750,,,,,
0.71901464,405800,,,,,
0.75991863,405850,,,,,
0.63592446,405900,,,,,
0.7129458,405950,,,,,
0.7251373,406000,,,,,
0.7137245,406050,,,,,
0.7066083,406100,,,,,
0.82482195,406150,,,,,
0.8654538,406200,,,,,
0.739354,406250,,,,,
0.8296634,406300,,,,,
0.64685625,406350,,,,,
0.7561991,406400,,,,,
0.7848654,406450,,,,,
0.7620653,406500,,,,,
0.7474148,406550,,,,,
0.76899284,406600,,,,,
0.7928735,406650,,,,,
0.8441582,406700,,,,,
0.6400519,406750,,,,,
0.7420291,406800,,,,,
0.77736586,406850,,,,,
0.73422486,406900,,,,,
0.8343904,406950,,,,,
0.76060164,407000,,,,,
0.81971747,407050,,,,,
0.8017665,407100,,,,,
0.8471582,407150,,,,,
0.7447491,407200,,,,,
0.77681756,407250,,,,,
0.67368585,407300,,,,,
0.84308356,407350,,,,,
0.7600085,407400,,,,,
0.80737203,407450,,,,,
0.692919,407500,,,,,
0.7326349,407550,,,,,
0.7306676,407600,,,,,
0.75323164,407650,,,,,
0.7697468,407700,,,,,
0.7879946,407750,,,,,
0.75420415,407800,,,,,
0.882354,407850,,,,,
0.74781543,407900,,,,,
0.7385125,407950,,,,,
0.812003,408000,,,,,
0.70886797,408050,,,,,
0.8065897,408100,,,,,
0.7842326,408150,,,,,
0.7271458,408200,,,,,
0.72773457,408250,,,,,
0.77008235,408300,,,,,
0.74055994,408350,,,,,
0.66922605,408400,,,,,
0.7481499,408450,,,,,
0.7902217,408500,,,,,
0.77153945,408550,,,,,
0.75978804,408600,,,,,
0.8295344,408650,,,,,
0.7733122,408700,,,,,
0.7279531,408750,,,,,
0.7008291,408800,,,,,
0.7993527,408850,,,,,
0.69824135,408900,,,,,
0.69869673,408950,,,,,
0.7182945,409000,,,,,
0.7287154,409050,,,,,
0.8103578,409100,,,,,
0.71202964,409150,,,,,
0.8404413,409200,,,,,
0.7958018,409250,,,,,
0.8079667,409300,,,,,
0.71428144,409350,,,,,
0.68717825,409400,,,,,
0.8133323,409450,,,,,
0.7179694,409500,,,,,
0.7951475,409550,,,,,
0.80486065,409600,,,,,
0.7386629,409650,,,,,
0.6869513,409700,,,,,
0.7004018,409750,,,,,
0.71427953,409800,,,,,
0.7862793,409850,,,,,
0.66645944,409900,,,,,
0.64440763,409950,,,,,
0.74835515,410000,,,,,
,410000,0.010329406658187509,,,,
,410000,,0.14236638,,,
,410000,,,131.0,,
,410000,,,,3.9676643759012222,
0.75716245,410050,,,,,
0.7677398,410100,,,,,
0.66208166,410150,,,,,
0.7133159,410200,,,,,
0.72157377,410250,,,,,
0.65211475,410300,,,,,
0.8041025,410350,,,,,
0.748922,410400,,,,,
0.67286694,410450,,,,,
0.7990142,410500,,,,,
0.7097309,410550,,,,,
0.69025284,410600,,,,,
0.90558136,410650,,,,,
0.72952116,410700,,,,,
0.82484883,410750,,,,,
0.77457345,410800,,,,,
0.6865741,410850,,,,,
0.78581774,410900,,,,,
0.68778604,410950,,,,,
0.8201735,411000,,,,,
0.6415746,411050,,,,,
0.7172994,411100,,,,,
0.664339,411150,,,,,
0.721636,411200,,,,,
0.75380653,411250,,,,,
0.81351936,411300,,,,,
0.73227566,411350,,,,,
0.6610757,411400,,,,,
0.8163929,411450,,,,,
0.9557537,411500,,,,,
0.8164738,411550,,,,,
0.67640257,411600,,,,,
0.7980458,411650,,,,,
0.82795537,411700,,,,,
0.689327,411750,,,,,
0.75451916,411800,,,,,
0.7833606,411850,,,,,
0.7750795,411900,,,,,
0.77976996,411950,,,,,
0.6784033,412000,,,,,
0.8707832,412050,,,,,
0.69134593,412100,,,,,
0.6008191,412150,,,,,
0.8679557,412200,,,,,
0.67809546,412250,,,,,
0.7277944,412300,,,,,
0.71341395,412350,,,,,
0.8953053,412400,,,,,
0.75473195,412450,,,,,
0.7746964,412500,,,,,
0.7607789,412550,,,,,
0.75651675,412600,,,,,
0.75532174,412650,,,,,
0.7016152,412700,,,,,
0.7510768,412750,,,,,
0.73453176,412800,,,,,
0.7016814,412850,,,,,
0.8700448,412900,,,,,
0.747941,412950,,,,,
0.76465076,413000,,,,,
0.6791584,413050,,,,,
0.77008915,413100,,,,,
0.78999686,413150,,,,,
0.7032453,413200,,,,,
0.7602178,413250,,,,,
0.71526337,413300,,,,,
0.7710252,413350,,,,,
0.69215274,413400,,,,,
0.84245,413450,,,,,
0.77993345,413500,,,,,
0.7366359,413550,,,,,
0.7634568,413600,,,,,
0.7508473,413650,,,,,
0.6762398,413700,,,,,
0.76820743,413750,,,,,
0.6967982,413800,,,,,
0.7658915,413850,,,,,
0.80433774,413900,,,,,
0.78505826,413950,,,,,
0.8223601,414000,,,,,
0.901409,414050,,,,,
0.80764866,414100,,,,,
0.7866579,414150,,,,,
0.7460532,414200,,,,,
0.7346661,414250,,,,,
0.7507033,414300,,,,,
0.7203776,414350,,,,,
0.7518698,414400,,,,,
0.67513806,414450,,,,,
0.71029735,414500,,,,,
0.7503715,414550,,,,,
0.69396055,414600,,,,,
0.7493392,414650,,,,,
0.76858616,414700,,,,,
0.6818471,414750,,,,,
0.8389317,414800,,,,,
0.8202396,414850,,,,,
0.7926171,414900,,,,,
0.7001665,414950,,,,,
0.7316565,415000,,,,,
0.75560653,415050,,,,,
0.7628525,415100,,,,,
0.6638203,415150,,,,,
0.91784275,415200,,,,,
0.7468642,415250,,,,,
0.7389537,415300,,,,,
0.7688248,415350,,,,,
0.741084,415400,,,,,
0.71062714,415450,,,,,
0.7437769,415500,,,,,
0.76208615,415550,,,,,
0.79746985,415600,,,,,
0.6741571,415650,,,,,
0.78849155,415700,,,,,
0.73078597,415750,,,,,
0.6722819,415800,,,,,
0.715196,415850,,,,,
0.8400681,415900,,,,,
0.6322234,415950,,,,,
0.7565185,416000,,,,,
0.7705803,416050,,,,,
0.57107854,416100,,,,,
0.811481,416150,,,,,
0.8035123,416200,,,,,
0.7551527,416250,,,,,
0.6707239,416300,,,,,
0.81349504,416350,,,,,
0.76700157,416400,,,,,
0.7116076,416450,,,,,
0.8029282,416500,,,,,
0.77930707,416550,,,,,
0.7230473,416600,,,,,
0.8218465,416650,,,,,
0.8072781,416700,,,,,
0.68824977,416750,,,,,
0.6995212,416800,,,,,
0.75767994,416850,,,,,
0.7989498,416900,,,,,
0.91612124,416950,,,,,
0.74003667,417000,,,,,
0.723884,417050,,,,,
0.74758285,417100,,,,,
0.77708924,417150,,,,,
0.84310055,417200,,,,,
0.82210267,417250,,,,,
0.8031385,417300,,,,,
0.7566558,417350,,,,,
0.7212365,417400,,,,,
0.75560474,417450,,,,,
0.87539774,417500,,,,,
0.75931287,417550,,,,,
0.84147614,417600,,,,,
0.7460041,417650,,,,,
0.7246474,417700,,,,,
0.7228384,417750,,,,,
0.7811403,417800,,,,,
0.72119987,417850,,,,,
0.73406446,417900,,,,,
0.7380384,417950,,,,,
0.668509,418000,,,,,
0.7474556,418050,,,,,
0.78808767,418100,,,,,
0.7003635,418150,,,,,
0.698355,418200,,,,,
0.8903515,418250,,,,,
0.6766522,418300,,,,,
0.68421996,418350,,,,,
0.71507776,418400,,,,,
0.7385741,418450,,,,,
0.73226285,418500,,,,,
0.8294264,418550,,,,,
0.7565373,418600,,,,,
0.78870356,418650,,,,,
0.7243037,418700,,,,,
0.7728791,418750,,,,,
0.85452265,418800,,,,,
0.81086874,418850,,,,,
0.70170635,418900,,,,,
0.72865975,418950,,,,,
0.73857164,419000,,,,,
0.67456794,419050,,,,,
0.67945516,419100,,,,,
0.8054359,419150,,,,,
0.81200504,419200,,,,,
0.75480807,419250,,,,,
0.836306,419300,,,,,
0.7819128,419350,,,,,
0.92739785,419400,,,,,
0.70484865,419450,,,,,
0.82946646,419500,,,,,
0.7518045,419550,,,,,
0.8502689,419600,,,,,
0.7332317,419650,,,,,
0.8734566,419700,,,,,
0.6888527,419750,,,,,
0.80981284,419800,,,,,
0.8598328,419850,,,,,
0.7036904,419900,,,,,
0.7655264,419950,,,,,
0.69981176,420000,,,,,
,420000,0.010329177643358707,,,,
,420000,,0.14091326,,,
,420000,,,128.0,,
,420000,,,,3.8398149125277996,
0.74648196,420050,,,,,
0.76511836,420100,,,,,
0.74678123,420150,,,,,
0.7017566,420200,,,,,
0.7462516,420250,,,,,
0.7885013,420300,,,,,
0.6645416,420350,,,,,
0.7785156,420400,,,,,
0.6840367,420450,,,,,
0.71380377,420500,,,,,
0.8690336,420550,,,,,
0.7774935,420600,,,,,
0.7608391,420650,,,,,
0.8092276,420700,,,,,
0.7463634,420750,,,,,
0.6768259,420800,,,,,
0.7008307,420850,,,,,
0.6757226,420900,,,,,
0.7063416,420950,,,,,
0.7849448,421000,,,,,
0.8489231,421050,,,,,
0.80793047,421100,,,,,
0.68469214,421150,,,,,
0.70539045,421200,,,,,
0.7771117,421250,,,,,
0.7983147,421300,,,,,
0.7294155,421350,,,,,
0.7693635,421400,,,,,
0.7250743,421450,,,,,
0.7878033,421500,,,,,
0.7329992,421550,,,,,
0.7078723,421600,,,,,
0.75274134,421650,,,,,
0.827338,421700,,,,,
0.74628806,421750,,,,,
0.7265876,421800,,,,,
0.771892,421850,,,,,
0.7962566,421900,,,,,
0.706876,421950,,,,,
0.7183469,422000,,,,,
0.8221461,422050,,,,,
0.7783296,422100,,,,,
0.82445157,422150,,,,,
0.84267366,422200,,,,,
0.75412107,422250,,,,,
0.6908471,422300,,,,,
0.8640698,422350,,,,,
0.82559085,422400,,,,,
0.82296205,422450,,,,,
0.7611601,422500,,,,,
0.71652955,422550,,,,,
0.79186064,422600,,,,,
0.7872193,422650,,,,,
0.8212407,422700,,,,,
0.75762725,422750,,,,,
0.78045344,422800,,,,,
0.70425856,422850,,,,,
0.69744265,422900,,,,,
0.7070135,422950,,,,,
0.7393701,423000,,,,,
0.81761366,423050,,,,,
0.67245495,423100,,,,,
0.65006816,423150,,,,,
0.7847792,423200,,,,,
0.7331846,423250,,,,,
0.7249453,423300,,,,,
0.8379018,423350,,,,,
0.7497123,423400,,,,,
0.72416407,423450,,,,,
0.7944881,423500,,,,,
0.81180155,423550,,,,,
0.7323621,423600,,,,,
0.75995624,423650,,,,,
0.7224486,423700,,,,,
0.7653646,423750,,,,,
0.73978025,423800,,,,,
0.71956515,423850,,,,,
0.806966,423900,,,,,
0.7359748,423950,,,,,
0.7961916,424000,,,,,
0.70513165,424050,,,,,
0.7128039,424100,,,,,
0.8108926,424150,,,,,
0.6816327,424200,,,,,
0.76063377,424250,,,,,
0.8165841,424300,,,,,
0.93914783,424350,,,,,
0.69445014,424400,,,,,
0.7740824,424450,,,,,
0.83185375,424500,,,,,
0.80008984,424550,,,,,
0.7312771,424600,,,,,
0.77352196,424650,,,,,
0.7754356,424700,,,,,
0.6992366,424750,,,,,
0.7528206,424800,,,,,
0.78532755,424850,,,,,
0.78668135,424900,,,,,
0.7144414,424950,,,,,
0.76012003,425000,,,,,
0.7137799,425050,,,,,
0.8143277,425100,,,,,
0.79675853,425150,,,,,
0.80112803,425200,,,,,
0.75405586,425250,,,,,
0.6777599,425300,,,,,
0.6747649,425350,,,,,
0.8500315,425400,,,,,
0.8763641,425450,,,,,
0.7423892,425500,,,,,
0.7359593,425550,,,,,
0.8084575,425600,,,,,
0.6853149,425650,,,,,
0.69877434,425700,,,,,
0.585499,425750,,,,,
0.7859926,425800,,,,,
0.7166184,425850,,,,,
0.7800502,425900,,,,,
0.67074263,425950,,,,,
0.797554,426000,,,,,
0.7072463,426050,,,,,
0.7742517,426100,,,,,
0.6970098,426150,,,,,
0.7325257,426200,,,,,
0.7804979,426250,,,,,
0.7373698,426300,,,,,
0.70388603,426350,,,,,
0.7877273,426400,,,,,
0.7742935,426450,,,,,
0.7432827,426500,,,,,
0.82371813,426550,,,,,
0.7539425,426600,,,,,
0.65813625,426650,,,,,
0.8309618,426700,,,,,
0.78893226,426750,,,,,
0.7918603,426800,,,,,
0.65071607,426850,,,,,
0.7924888,426900,,,,,
0.823019,426950,,,,,
0.7567431,427000,,,,,
0.7951149,427050,,,,,
0.67160064,427100,,,,,
0.7819194,427150,,,,,
0.7503531,427200,,,,,
0.7003918,427250,,,,,
0.728981,427300,,,,,
0.7433307,427350,,,,,
0.63877547,427400,,,,,
0.6539979,427450,,,,,
0.7102105,427500,,,,,
0.7558745,427550,,,,,
0.69499004,427600,,,,,
0.6818887,427650,,,,,
0.7860322,427700,,,,,
0.76784444,427750,,,,,
0.71687806,427800,,,,,
0.7267724,427850,,,,,
0.74399775,427900,,,,,
0.7724012,427950,,,,,
0.70433515,428000,,,,,
0.7140944,428050,,,,,
0.7566965,428100,,,,,
0.71525025,428150,,,,,
0.8393757,428200,,,,,
0.7893798,428250,,,,,
0.7494306,428300,,,,,
0.79488426,428350,,,,,
0.6883036,428400,,,,,
0.81516755,428450,,,,,
0.75984657,428500,,,,,
0.7683159,428550,,,,,
0.83583355,428600,,,,,
0.80773246,428650,,,,,
0.7639617,428700,,,,,
0.7913894,428750,,,,,
0.7588664,428800,,,,,
0.7815443,428850,,,,,
0.71325004,428900,,,,,
0.75653577,428950,,,,,
0.75660765,429000,,,,,
0.7269754,429050,,,,,
0.87386376,429100,,,,,
0.70444477,429150,,,,,
0.8370284,429200,,,,,
0.65749466,429250,,,,,
0.80945194,429300,,,,,
0.8089252,429350,,,,,
0.6760691,429400,,,,,
0.7471114,429450,,,,,
0.71493316,429500,,,,,
0.82348734,429550,,,,,
0.77370685,429600,,,,,
0.8035893,429650,,,,,
0.8019349,429700,,,,,
0.7104335,429750,,,,,
0.90964675,429800,,,,,
0.7596767,429850,,,,,
0.72982883,429900,,,,,
0.72495633,429950,,,,,
0.699847,430000,,,,,
,430000,0.010368596379458904,,,,
,430000,,0.14313965,,,
,430000,,,128.0,,
,430000,,,,4.103502511978149,
0.71618426,430050,,,,,
0.69370556,430100,,,,,
0.8225297,430150,,,,,
0.7223898,430200,,,,,
0.76479095,430250,,,,,
0.68475217,430300,,,,,
0.7376283,430350,,,,,
0.74036634,430400,,,,,
0.8539655,430450,,,,,
0.8099253,430500,,,,,
0.7088193,430550,,,,,
0.74881196,430600,,,,,
0.66254085,430650,,,,,
0.87497276,430700,,,,,
0.8050163,430750,,,,,
0.8757088,430800,,,,,
0.67491823,430850,,,,,
0.76440823,430900,,,,,
0.7832566,430950,,,,,
0.66941935,431000,,,,,
0.7670485,431050,,,,,
0.8438593,431100,,,,,
0.89145815,431150,,,,,
0.7350849,431200,,,,,
0.77073425,431250,,,,,
0.77266663,431300,,,,,
0.77217877,431350,,,,,
0.68185604,431400,,,,,
0.694739,431450,,,,,
0.83467996,431500,,,,,
0.7207218,431550,,,,,
0.7424871,431600,,,,,
0.74780643,431650,,,,,
0.77271354,431700,,,,,
0.78841937,431750,,,,,
0.7780651,431800,,,,,
0.6441703,431850,,,,,
0.7362474,431900,,,,,
0.6242201,431950,,,,,
0.78541756,432000,,,,,
0.8400949,432050,,,,,
0.68078494,432100,,,,,
0.7221755,432150,,,,,
0.6595372,432200,,,,,
0.626659,432250,,,,,
0.7400673,432300,,,,,
0.7314502,432350,,,,,
0.78946215,432400,,,,,
0.72753286,432450,,,,,
0.72882956,432500,,,,,
0.8959882,432550,,,,,
0.69104254,432600,,,,,
0.7154299,432650,,,,,
0.74582875,432700,,,,,
0.7218381,432750,,,,,
0.6977533,432800,,,,,
0.7541622,432850,,,,,
0.7046294,432900,,,,,
0.85472715,432950,,,,,
0.7634958,433000,,,,,
0.84503627,433050,,,,,
0.6642009,433100,,,,,
0.7949387,433150,,,,,
0.8325243,433200,,,,,
0.685248,433250,,,,,
0.8217051,433300,,,,,
0.745241,433350,,,,,
0.76122606,433400,,,,,
0.8569041,433450,,,,,
0.7985814,433500,,,,,
0.7846817,433550,,,,,
0.7468734,433600,,,,,
0.81623673,433650,,,,,
0.78785664,433700,,,,,
0.85682535,433750,,,,,
0.75339955,433800,,,,,
0.68436056,433850,,,,,
0.7533936,433900,,,,,
0.7361758,433950,,,,,
0.79702115,434000,,,,,
0.7876507,434050,,,,,
0.8281543,434100,,,,,
0.6973859,434150,,,,,
0.7818589,434200,,,,,
0.7482172,434250,,,,,
0.79108316,434300,,,,,
0.83085823,434350,,,,,
0.7595674,434400,,,,,
0.73993915,434450,,,,,
0.7689334,434500,,,,,
0.7437581,434550,,,,,
0.701018,434600,,,,,
0.7339904,434650,,,,,
0.7630764,434700,,,,,
0.72071767,434750,,,,,
0.8099341,434800,,,,,
0.80597353,434850,,,,,
0.69416875,434900,,,,,
0.71572536,434950,,,,,
0.76927924,435000,,,,,
0.7508285,435050,,,,,
0.7592844,435100,,,,,
0.76425636,435150,,,,,
0.75701755,435200,,,,,
0.7683446,435250,,,,,
0.6863035,435300,,,,,
0.8139182,435350,,,,,
0.70545083,435400,,,,,
0.8007055,435450,,,,,
0.76354384,435500,,,,,
0.7199784,435550,,,,,
0.8274654,435600,,,,,
0.8428873,435650,,,,,
0.8577685,435700,,,,,
0.7610212,435750,,,,,
0.8687734,435800,,,,,
0.7728081,435850,,,,,
0.87108797,435900,,,,,
0.7645898,435950,,,,,
0.7233027,436000,,,,,
0.7304274,436050,,,,,
0.7681615,436100,,,,,
0.8076814,436150,,,,,
0.69445455,436200,,,,,
0.742442,436250,,,,,
0.8018534,436300,,,,,
0.7439889,436350,,,,,
0.8029388,436400,,,,,
0.77006364,436450,,,,,
0.766948,436500,,,,,
0.7504921,436550,,,,,
0.81235856,436600,,,,,
0.8117876,436650,,,,,
0.7350879,436700,,,,,
0.73506784,436750,,,,,
0.78831625,436800,,,,,
0.78861535,436850,,,,,
0.75362116,436900,,,,,
0.7688716,436950,,,,,
0.8483997,437000,,,,,
0.6695199,437050,,,,,
0.7989705,437100,,,,,
0.7333258,437150,,,,,
0.75677675,437200,,,,,
0.6887919,437250,,,,,
0.8305447,437300,,,,,
0.83983076,437350,,,,,
0.7372523,437400,,,,,
0.7866726,437450,,,,,
0.7756623,437500,,,,,
0.86365646,437550,,,,,
0.8392167,437600,,,,,
0.7001071,437650,,,,,
0.7802721,437700,,,,,
0.771888,437750,,,,,
0.73530126,437800,,,,,
0.78388005,437850,,,,,
0.8896222,437900,,,,,
0.86173373,437950,,,,,
0.7967125,438000,,,,,
0.6919778,438050,,,,,
0.82551765,438100,,,,,
0.80787253,438150,,,,,
0.771452,438200,,,,,
0.69945055,438250,,,,,
0.71581405,438300,,,,,
0.79139745,438350,,,,,
0.7484579,438400,,,,,
0.76385224,438450,,,,,
0.7960498,438500,,,,,
0.8198266,438550,,,,,
0.8898287,438600,,,,,
0.7700733,438650,,,,,
0.77771175,438700,,,,,
0.802479,438750,,,,,
0.6913076,438800,,,,,
0.73589116,438850,,,,,
0.71014625,438900,,,,,
0.8132566,438950,,,,,
0.77860653,439000,,,,,
0.77552974,439050,,,,,
0.6740122,439100,,,,,
0.7750325,439150,,,,,
0.74695855,439200,,,,,
0.60828567,439250,,,,,
0.6670288,439300,,,,,
0.74547786,439350,,,,,
0.75847197,439400,,,,,
0.78851914,439450,,,,,
0.73910826,439500,,,,,
0.68907136,439550,,,,,
0.94257826,439600,,,,,
0.7869375,439650,,,,,
0.78274024,439700,,,,,
0.7425958,439750,,,,,
0.70549536,439800,,,,,
0.7399601,439850,,,,,
0.87645257,439900,,,,,
0.59224415,439950,,,,,
0.73937786,440000,,,,,
,440000,0.010529391741380095,,,,
,440000,,0.14254776,,,
,440000,,,128.0,,
,440000,,,,4.000273175537586,
0.68512535,440050,,,,,
0.82342803,440100,,,,,
0.6965195,440150,,,,,
0.7676197,440200,,,,,
0.7787218,440250,,,,,
0.76439714,440300,,,,,
0.7346173,440350,,,,,
0.8077659,440400,,,,,
0.73223317,440450,,,,,
0.7768757,440500,,,,,
0.7325746,440550,,,,,
0.698553,440600,,,,,
0.8390642,440650,,,,,
0.71886235,440700,,,,,
0.8315675,440750,,,,,
0.73463166,440800,,,,,
0.76868325,440850,,,,,
0.7642175,440900,,,,,
0.8201699,440950,,,,,
0.74444044,441000,,,,,
0.67950094,441050,,,,,
0.7392236,441100,,,,,
0.7765988,441150,,,,,
0.7666375,441200,,,,,
0.83214897,441250,,,,,
0.7166585,441300,,,,,
0.738009,441350,,,,,
0.77069217,441400,,,,,
0.7321344,441450,,,,,
0.812973,441500,,,,,
0.72693425,441550,,,,,
0.7728076,441600,,,,,
0.6166333,441650,,,,,
0.84538627,441700,,,,,
0.7889732,441750,,,,,
0.68399096,441800,,,,,
0.70762193,441850,,,,,
0.9206219,441900,,,,,
0.6771715,441950,,,,,
0.706952,442000,,,,,
0.67525244,442050,,,,,
0.80596995,442100,,,,,
0.7035042,442150,,,,,
0.8588603,442200,,,,,
0.7316663,442250,,,,,
0.77618206,442300,,,,,
0.73858184,442350,,,,,
0.7586967,442400,,,,,
0.7376857,442450,,,,,
0.79433477,442500,,,,,
0.8962511,442550,,,,,
0.68871415,442600,,,,,
0.7868397,442650,,,,,
0.7405652,442700,,,,,
0.7441168,442750,,,,,
0.72506666,442800,,,,,
0.69819754,442850,,,,,
0.74050945,442900,,,,,
0.59133077,442950,,,,,
0.809784,443000,,,,,
0.82163745,443050,,,,,
0.84755445,443100,,,,,
0.76289856,443150,,,,,
0.6992954,443200,,,,,
0.70271456,443250,,,,,
0.7580688,443300,,,,,
0.8791012,443350,,,,,
0.6177411,443400,,,,,
0.6636999,443450,,,,,
0.74687564,443500,,,,,
0.82242745,443550,,,,,
0.720268,443600,,,,,
0.74620557,443650,,,,,
0.6131321,443700,,,,,
0.8320737,443750,,,,,
0.7549017,443800,,,,,
0.718966,443850,,,,,
0.82209903,443900,,,,,
0.8228161,443950,,,,,
0.8972988,444000,,,,,
0.79490125,444050,,,,,
0.73086566,444100,,,,,
0.7390703,444150,,,,,
0.6380622,444200,,,,,
0.7892958,444250,,,,,
0.7644617,444300,,,,,
0.7815724,444350,,,,,
0.8074523,444400,,,,,
0.7303289,444450,,,,,
0.7607572,444500,,,,,
0.9112757,444550,,,,,
0.74360085,444600,,,,,
0.73567533,444650,,,,,
0.768154,444700,,,,,
0.74691975,444750,,,,,
0.7420471,444800,,,,,
0.7012291,444850,,,,,
0.69103014,444900,,,,,
0.7869942,444950,,,,,
0.8028533,445000,,,,,
0.7253671,445050,,,,,
0.75660795,445100,,,,,
0.670223,445150,,,,,
0.717726,445200,,,,,
0.65899,445250,,,,,
0.78027815,445300,,,,,
0.81281185,445350,,,,,
0.72386664,445400,,,,,
0.68784225,445450,,,,,
0.7173034,445500,,,,,
0.7611499,445550,,,,,
0.68789494,445600,,,,,
0.790033,445650,,,,,
0.6616821,445700,,,,,
0.7916972,445750,,,,,
0.7997118,445800,,,,,
0.68318534,445850,,,,,
0.82351756,445900,,,,,
0.65968347,445950,,,,,
0.7922003,446000,,,,,
0.7556727,446050,,,,,
0.8624044,446100,,,,,
0.69882256,446150,,,,,
0.75180346,446200,,,,,
0.8296146,446250,,,,,
0.8296931,446300,,,,,
0.7377595,446350,,,,,
0.6779717,446400,,,,,
0.7897544,446450,,,,,
0.8085152,446500,,,,,
0.65278244,446550,,,,,
0.78477407,446600,,,,,
0.79698133,446650,,,,,
0.8115685,446700,,,,,
0.7911283,446750,,,,,
0.74014246,446800,,,,,
0.6278665,446850,,,,,
0.8475503,446900,,,,,
0.8086258,446950,,,,,
0.79061925,447000,,,,,
0.7293744,447050,,,,,
0.7557201,447100,,,,,
0.75890255,447150,,,,,
0.7788172,447200,,,,,
0.74076504,447250,,,,,
0.7829935,447300,,,,,
0.69402546,447350,,,,,
0.75687766,447400,,,,,
0.74814767,447450,,,,,
0.79142445,447500,,,,,
0.75393176,447550,,,,,
0.8401109,447600,,,,,
0.7657409,447650,,,,,
0.83410084,447700,,,,,
0.74058,447750,,,,,
0.7972356,447800,,,,,
0.74274766,447850,,,,,
0.76513946,447900,,,,,
0.7674415,447950,,,,,
0.7680725,448000,,,,,
0.73040557,448050,,,,,
0.6491815,448100,,,,,
0.73372626,448150,,,,,
0.76442975,448200,,,,,
0.7395221,448250,,,,,
0.7943147,448300,,,,,
0.6944948,448350,,,,,
0.75723964,448400,,,,,
0.7287642,448450,,,,,
0.7478205,448500,,,,,
0.85347503,448550,,,,,
0.76364815,448600,,,,,
0.7322906,448650,,,,,
0.7961394,448700,,,,,
0.85767365,448750,,,,,
0.78143954,448800,,,,,
0.7491814,448850,,,,,
0.7728925,448900,,,,,
0.7550845,448950,,,,,
0.61918634,449000,,,,,
0.6789807,449050,,,,,
0.6610243,449100,,,,,
0.72382593,449150,,,,,
0.74467033,449200,,,,,
0.85892665,449250,,,,,
0.6848134,449300,,,,,
0.719331,449350,,,,,
0.73640406,449400,,,,,
0.8001804,449450,,,,,
0.825662,449500,,,,,
0.6883499,449550,,,,,
0.8672265,449600,,,,,
0.71115845,449650,,,,,
0.7917793,449700,,,,,
0.79592746,449750,,,,,
0.715712,449800,,,,,
0.6719018,449850,,,,,
0.71808565,449900,,,,,
0.7640622,449950,,,,,
0.7167604,450000,,,,,
,450000,0.010627369740977883,,,,
,450000,,0.13980725,,,
,450000,,,128.0,,
,450000,,,,4.011113483458757,
0.77810603,450050,,,,,
0.7007854,450100,,,,,
0.65945977,450150,,,,,
0.6819768,450200,,,,,
0.81760406,450250,,,,,
0.7823508,450300,,,,,
0.7136545,450350,,,,,
0.8028425,450400,,,,,
0.75271475,450450,,,,,
0.71658415,450500,,,,,
0.7551551,450550,,,,,
0.7367913,450600,,,,,
0.77719194,450650,,,,,
0.8039515,450700,,,,,
0.7337743,450750,,,,,
0.7085663,450800,,,,,
0.7460334,450850,,,,,
0.7678951,450900,,,,,
0.7169089,450950,,,,,
0.6024108,451000,,,,,
0.79501104,451050,,,,,
0.7289171,451100,,,,,
0.7607765,451150,,,,,
0.78585094,451200,,,,,
0.7132449,451250,,,,,
0.74456155,451300,,,,,
0.7005969,451350,,,,,
0.7640227,451400,,,,,
0.7567761,451450,,,,,
0.8106917,451500,,,,,
0.76472276,451550,,,,,
0.80915546,451600,,,,,
0.7371426,451650,,,,,
0.733188,451700,,,,,
0.6902049,451750,,,,,
0.78190124,451800,,,,,
0.7864781,451850,,,,,
0.74240935,451900,,,,,
0.7187911,451950,,,,,
0.71094286,452000,,,,,
0.80078876,452050,,,,,
0.6832025,452100,,,,,
0.7320643,452150,,,,,
0.75971687,452200,,,,,
0.7536328,452250,,,,,
0.882277,452300,,,,,
0.85016865,452350,,,,,
0.8493604,452400,,,,,
0.8379233,452450,,,,,
0.8316769,452500,,,,,
0.7318519,452550,,,,,
0.7127585,452600,,,,,
0.73693997,452650,,,,,
0.76549363,452700,,,,,
0.75254816,452750,,,,,
0.6844355,452800,,,,,
0.7665395,452850,,,,,
0.8331071,452900,,,,,
0.7263273,452950,,,,,
0.6903192,453000,,,,,
0.6861415,453050,,,,,
0.8269563,453100,,,,,
0.753057,453150,,,,,
0.73675275,453200,,,,,
0.69348603,453250,,,,,
0.8146585,453300,,,,,
0.70666265,453350,,,,,
0.8075378,453400,,,,,
0.7554511,453450,,,,,
0.78595686,453500,,,,,
0.767647,453550,,,,,
0.7224806,453600,,,,,
0.8014239,453650,,,,,
0.7333162,453700,,,,,
0.9741024,453750,,,,,
0.6952067,453800,,,,,
0.7484678,453850,,,,,
0.7328011,453900,,,,,
0.72588396,453950,,,,,
0.78483254,454000,,,,,
0.7359532,454050,,,,,
0.7726825,454100,,,,,
0.6772257,454150,,,,,
0.7767205,454200,,,,,
0.81598943,454250,,,,,
0.6287838,454300,,,,,
0.6482152,454350,,,,,
0.72485685,454400,,,,,
0.73442304,454450,,,,,
0.72132635,454500,,,,,
0.8146496,454550,,,,,
0.7069087,454600,,,,,
0.68569696,454650,,,,,
0.6762414,454700,,,,,
0.700412,454750,,,,,
0.78086054,454800,,,,,
0.66913164,454850,,,,,
0.7766143,454900,,,,,
0.78432876,454950,,,,,
0.7360573,455000,,,,,
0.8602383,455050,,,,,
0.83035374,455100,,,,,
0.7770493,455150,,,,,
0.85963583,455200,,,,,
0.7651306,455250,,,,,
0.8040192,455300,,,,,
0.6904392,455350,,,,,
0.7896601,455400,,,,,
0.81225675,455450,,,,,
0.72766995,455500,,,,,
0.8071349,455550,,,,,
0.7654756,455600,,,,,
0.76541257,455650,,,,,
0.7923751,455700,,,,,
0.80790555,455750,,,,,
0.6965765,455800,,,,,
0.7785059,455850,,,,,
0.7178209,455900,,,,,
0.7953164,455950,,,,,
0.75386167,456000,,,,,
0.70719475,456050,,,,,
0.816072,456100,,,,,
0.7678325,456150,,,,,
0.75836074,456200,,,,,
0.81710124,456250,,,,,
0.7049188,456300,,,,,
0.8347057,456350,,,,,
0.75183856,456400,,,,,
0.7738774,456450,,,,,
0.7350894,456500,,,,,
0.74334383,456550,,,,,
0.70408314,456600,,,,,
0.6775662,456650,,,,,
0.73133,456700,,,,,
0.80648863,456750,,,,,
0.7948828,456800,,,,,
0.7383771,456850,,,,,
0.7596761,456900,,,,,
0.86815584,456950,,,,,
0.9085102,457000,,,,,
0.81779087,457050,,,,,
0.75202525,457100,,,,,
0.70469433,457150,,,,,
0.77792513,457200,,,,,
0.71501386,457250,,,,,
0.89408654,457300,,,,,
0.726388,457350,,,,,
0.8299819,457400,,,,,
0.82401097,457450,,,,,
0.7131766,457500,,,,,
0.7992029,457550,,,,,
0.71419084,457600,,,,,
0.7272037,457650,,,,,
0.8100586,457700,,,,,
0.7156566,457750,,,,,
0.743702,457800,,,,,
0.7685351,457850,,,,,
0.79280365,457900,,,,,
0.7597877,457950,,,,,
0.75651324,458000,,,,,
0.76597595,458050,,,,,
0.6904236,458100,,,,,
0.6864536,458150,,,,,
0.62715113,458200,,,,,
0.7467527,458250,,,,,
0.7935132,458300,,,,,
0.6880143,458350,,,,,
0.7981295,458400,,,,,
0.8305578,458450,,,,,
0.67285323,458500,,,,,
0.7315738,458550,,,,,
0.7386619,458600,,,,,
0.7956563,458650,,,,,
0.7698827,458700,,,,,
0.6593151,458750,,,,,
0.69341016,458800,,,,,
0.71616524,458850,,,,,
0.74577534,458900,,,,,
0.74661064,458950,,,,,
0.6900959,459000,,,,,
0.7152499,459050,,,,,
0.68969536,459100,,,,,
0.8180513,459150,,,,,
0.80528164,459200,,,,,
0.6919858,459250,,,,,
0.799257,459300,,,,,
0.7268666,459350,,,,,
0.71787274,459400,,,,,
0.8179301,459450,,,,,
0.7736485,459500,,,,,
0.79219115,459550,,,,,
0.7457725,459600,,,,,
0.88093764,459650,,,,,
0.8668441,459700,,,,,
0.7435482,459750,,,,,
0.731739,459800,,,,,
0.6593637,459850,,,,,
0.7011333,459900,,,,,
0.77491856,459950,,,,,
0.7277006,460000,,,,,
,460000,0.010597705517336726,,,,
,460000,,0.14266305,,,
,460000,,,128.0,,
,460000,,,,4.113879848271608,
0.7066957,460050,,,,,
0.6922276,460100,,,,,
0.810801,460150,,,,,
0.7902898,460200,,,,,
0.73354256,460250,,,,,
0.753515,460300,,,,,
0.8225555,460350,,,,,
0.8749006,460400,,,,,
0.79906934,460450,,,,,
0.642155,460500,,,,,
0.7852082,460550,,,,,
0.7641403,460600,,,,,
0.83814824,460650,,,,,
0.7037847,460700,,,,,
0.71926725,460750,,,,,
0.83714736,460800,,,,,
0.6591861,460850,,,,,
0.79673594,460900,,,,,
0.8104136,460950,,,,,
0.7170519,461000,,,,,
0.73842525,461050,,,,,
0.7944503,461100,,,,,
0.8052756,461150,,,,,
0.8003905,461200,,,,,
0.77429056,461250,,,,,
0.79495084,461300,,,,,
0.7820262,461350,,,,,
0.7228876,461400,,,,,
0.7821919,461450,,,,,
0.6524966,461500,,,,,
0.7595719,461550,,,,,
0.69812214,461600,,,,,
0.7734188,461650,,,,,
0.7501868,461700,,,,,
0.7291076,461750,,,,,
0.83876884,461800,,,,,
0.62507546,461850,,,,,
0.8000772,461900,,,,,
0.71799743,461950,,,,,
0.73004633,462000,,,,,
0.6692833,462050,,,,,
0.7191659,462100,,,,,
0.8624655,462150,,,,,
0.7461706,462200,,,,,
0.75864667,462250,,,,,
0.6844107,462300,,,,,
0.66993326,462350,,,,,
0.7239522,462400,,,,,
0.7551638,462450,,,,,
0.6147153,462500,,,,,
0.8318043,462550,,,,,
0.7377721,462600,,,,,
0.7313845,462650,,,,,
0.67561024,462700,,,,,
0.72944534,462750,,,,,
0.7743274,462800,,,,,
0.75068647,462850,,,,,
0.77650964,462900,,,,,
0.8273741,462950,,,,,
0.8118121,463000,,,,,
0.7117147,463050,,,,,
0.6941816,463100,,,,,
0.6185379,463150,,,,,
0.8055043,463200,,,,,
0.82452536,463250,,,,,
0.8361754,463300,,,,,
0.8306,463350,,,,,
0.6873064,463400,,,,,
0.73488164,463450,,,,,
0.82339555,463500,,,,,
0.8053058,463550,,,,,
0.73607194,463600,,,,,
0.6878969,463650,,,,,
0.7755519,463700,,,,,
0.8211082,463750,,,,,
0.67519826,463800,,,,,
0.74077,463850,,,,,
0.7811916,463900,,,,,
0.85030866,463950,,,,,
0.71530694,464000,,,,,
0.74503595,464050,,,,,
0.771588,464100,,,,,
0.6774322,464150,,,,,
0.823621,464200,,,,,
0.7385586,464250,,,,,
0.8476297,464300,,,,,
0.75395477,464350,,,,,
0.7568636,464400,,,,,
0.7040704,464450,,,,,
0.68252593,464500,,,,,
0.8819202,464550,,,,,
0.78016937,464600,,,,,
0.720163,464650,,,,,
0.88931084,464700,,,,,
0.7241734,464750,,,,,
0.74180394,464800,,,,,
0.7193562,464850,,,,,
0.75147986,464900,,,,,
0.791522,464950,,,,,
0.78096604,465000,,,,,
0.77071685,465050,,,,,
0.7602917,465100,,,,,
0.61562127,465150,,,,,
0.8969575,465200,,,,,
0.7304952,465250,,,,,
0.7668923,465300,,,,,
0.771369,465350,,,,,
0.68001115,465400,,,,,
0.78156364,465450,,,,,
0.76420057,465500,,,,,
0.7383596,465550,,,,,
0.7774873,465600,,,,,
0.6288998,465650,,,,,
0.7112788,465700,,,,,
0.6779305,465750,,,,,
0.7727856,465800,,,,,
0.755648,465850,,,,,
0.80850834,465900,,,,,
0.64187706,465950,,,,,
0.6687059,466000,,,,,
0.7364629,466050,,,,,
0.7397323,466100,,,,,
0.767319,466150,,,,,
0.746551,466200,,,,,
0.8355134,466250,,,,,
0.68743527,466300,,,,,
0.64798015,466350,,,,,
0.7887016,466400,,,,,
0.7183676,466450,,,,,
0.72873056,466500,,,,,
0.7896143,466550,,,,,
0.72004795,466600,,,,,
0.69492435,466650,,,,,
0.6848532,466700,,,,,
0.7099549,466750,,,,,
0.77786505,466800,,,,,
0.7106142,466850,,,,,
0.7630427,466900,,,,,
0.8216795,466950,,,,,
0.81398284,467000,,,,,
0.77640426,467050,,,,,
0.6391637,467100,,,,,
0.7654349,467150,,,,,
0.7495345,467200,,,,,
0.66708124,467250,,,,,
0.8347775,467300,,,,,
0.7918317,467350,,,,,
0.80408114,467400,,,,,
0.806246,467450,,,,,
0.7190881,467500,,,,,
0.77920485,467550,,,,,
0.7515769,467600,,,,,
0.81864834,467650,,,,,
0.8120703,467700,,,,,
0.65455747,467750,,,,,
0.76435417,467800,,,,,
0.74511814,467850,,,,,
0.86374843,467900,,,,,
0.7268572,467950,,,,,
0.74647635,468000,,,,,
0.85196257,468050,,,,,
0.78095496,468100,,,,,
0.7679715,468150,,,,,
0.70730114,468200,,,,,
0.7230489,468250,,,,,
0.6485773,468300,,,,,
0.7047956,468350,,,,,
0.7656356,468400,,,,,
0.8650608,468450,,,,,
0.75989246,468500,,,,,
0.77432275,468550,,,,,
0.73260325,468600,,,,,
0.7391112,468650,,,,,
0.83850586,468700,,,,,
0.6602006,468750,,,,,
0.72800833,468800,,,,,
0.8848156,468850,,,,,
0.73824364,468900,,,,,
0.86331797,468950,,,,,
0.6987354,469000,,,,,
0.7795672,469050,,,,,
0.8090284,469100,,,,,
0.7545072,469150,,,,,
0.7386247,469200,,,,,
0.81215006,469250,,,,,
0.76893467,469300,,,,,
0.80866754,469350,,,,,
0.7340323,469400,,,,,
0.78422254,469450,,,,,
0.7155248,469500,,,,,
0.7540148,469550,,,,,
0.7303225,469600,,,,,
0.7975268,469650,,,,,
0.76734376,469700,,,,,
0.68313825,469750,,,,,
0.80499715,469800,,,,,
0.881917,469850,,,,,
0.7209528,469900,,,,,
0.66608334,469950,,,,,
0.74093705,470000,,,,,
,470000,0.010506515364348889,,,,
,470000,,0.1472466,,,
,470000,,,131.0,,
,470000,,,,3.997672379016876,
0.76933736,470050,,,,,
0.7717221,470100,,,,,
0.74334514,470150,,,,,
0.848877,470200,,,,,
0.79872984,470250,,,,,
0.7209226,470300,,,,,
0.8172498,470350,,,,,
0.74372053,470400,,,,,
0.8024913,470450,,,,,
0.7524426,470500,,,,,
0.65765285,470550,,,,,
0.7669575,470600,,,,,
0.74041677,470650,,,,,
0.7633931,470700,,,,,
0.7956387,470750,,,,,
0.7833045,470800,,,,,
0.8393297,470850,,,,,
0.83515227,470900,,,,,
0.7502686,470950,,,,,
0.8126575,471000,,,,,
0.76709783,471050,,,,,
0.78112656,471100,,,,,
0.7549778,471150,,,,,
0.7639011,471200,,,,,
0.7640711,471250,,,,,
0.76893187,471300,,,,,
0.74098694,471350,,,,,
0.8685109,471400,,,,,
0.7403016,471450,,,,,
0.7036706,471500,,,,,
0.77414286,471550,,,,,
0.8079528,471600,,,,,
0.839839,471650,,,,,
0.78529036,471700,,,,,
0.7527775,471750,,,,,
0.8201821,471800,,,,,
0.842321,471850,,,,,
0.78865224,471900,,,,,
0.6765133,471950,,,,,
0.74960834,472000,,,,,
0.8268131,472050,,,,,
0.8371681,472100,,,,,
0.73663056,472150,,,,,
0.75769377,472200,,,,,
0.7069366,472250,,,,,
0.8527161,472300,,,,,
0.7159794,472350,,,,,
0.78102916,472400,,,,,
0.7390642,472450,,,,,
0.76155186,472500,,,,,
0.7545279,472550,,,,,
0.79252595,472600,,,,,
0.71655643,472650,,,,,
0.8310034,472700,,,,,
0.7089201,472750,,,,,
0.7893121,472800,,,,,
0.7003739,472850,,,,,
0.75771034,472900,,,,,
0.719605,472950,,,,,
0.7225223,473000,,,,,
0.76444256,473050,,,,,
0.75517297,473100,,,,,
0.7733841,473150,,,,,
0.7256239,473200,,,,,
0.7829069,473250,,,,,
0.7806685,473300,,,,,
0.71940994,473350,,,,,
0.77146345,473400,,,,,
0.7571299,473450,,,,,
0.7816037,473500,,,,,
0.79110515,473550,,,,,
0.81458044,473600,,,,,
0.9531719,473650,,,,,
0.7183986,473700,,,,,
0.7056372,473750,,,,,
0.8051858,473800,,,,,
0.68478537,473850,,,,,
0.7748863,473900,,,,,
0.713452,473950,,,,,
0.6564481,474000,,,,,
0.6546463,474050,,,,,
0.710449,474100,,,,,
0.8669767,474150,,,,,
0.83361155,474200,,,,,
0.6608144,474250,,,,,
0.74843305,474300,,,,,
0.7861119,474350,,,,,
0.7489887,474400,,,,,
0.7612455,474450,,,,,
0.73608756,474500,,,,,
0.6873025,474550,,,,,
0.7077924,474600,,,,,
0.7553807,474650,,,,,
0.757995,474700,,,,,
0.6577339,474750,,,,,
0.7594832,474800,,,,,
0.60936946,474850,,,,,
0.70496434,474900,,,,,
0.75549066,474950,,,,,
0.72059685,475000,,,,,
0.7634335,475050,,,,,
0.73800224,475100,,,,,
0.8750728,475150,,,,,
0.7182306,475200,,,,,
0.67976403,475250,,,,,
0.80929697,475300,,,,,
0.7006787,475350,,,,,
0.73259634,475400,,,,,
0.72392267,475450,,,,,
0.8802501,475500,,,,,
0.7704716,475550,,,,,
0.7350175,475600,,,,,
0.7361517,475650,,,,,
0.6929642,475700,,,,,
0.71211547,475750,,,,,
0.78422934,475800,,,,,
0.86156535,475850,,,,,
0.7250627,475900,,,,,
0.67859745,475950,,,,,
0.7754764,476000,,,,,
0.80551344,476050,,,,,
0.75347096,476100,,,,,
0.80827266,476150,,,,,
0.8810713,476200,,,,,
0.80224204,476250,,,,,
0.74147666,476300,,,,,
0.72493804,476350,,,,,
0.779377,476400,,,,,
0.79702955,476450,,,,,
0.75684446,476500,,,,,
0.7904004,476550,,,,,
0.8085687,476600,,,,,
0.7583986,476650,,,,,
0.7894287,476700,,,,,
0.72386515,476750,,,,,
0.7243537,476800,,,,,
0.8198761,476850,,,,,
0.7869046,476900,,,,,
0.69789994,476950,,,,,
0.78256905,477000,,,,,
0.72134006,477050,,,,,
0.77970725,477100,,,,,
0.6994784,477150,,,,,
0.6795441,477200,,,,,
0.82021654,477250,,,,,
0.88323176,477300,,,,,
0.8249078,477350,,,,,
0.7074965,477400,,,,,
0.7463088,477450,,,,,
0.76329863,477500,,,,,
0.77998555,477550,,,,,
0.7703798,477600,,,,,
0.79329777,477650,,,,,
0.7943489,477700,,,,,
0.7196429,477750,,,,,
0.7813377,477800,,,,,
0.8677138,477850,,,,,
0.7726992,477900,,,,,
0.7804599,477950,,,,,
0.81776166,478000,,,,,
0.73966646,478050,,,,,
0.75709337,478100,,,,,
0.91089296,478150,,,,,
0.8402277,478200,,,,,
0.7018138,478250,,,,,
0.758422,478300,,,,,
0.75554055,478350,,,,,
0.77340376,478400,,,,,
0.77316236,478450,,,,,
0.75805116,478500,,,,,
0.7952395,478550,,,,,
0.78960866,478600,,,,,
0.79386437,478650,,,,,
0.77289784,478700,,,,,
0.7677656,478750,,,,,
0.7498765,478800,,,,,
0.7010261,478850,,,,,
0.8349526,478900,,,,,
0.84276885,478950,,,,,
0.70497197,479000,,,,,
0.84016985,479050,,,,,
0.69332945,479100,,,,,
0.9027014,479150,,,,,
0.7385949,479200,,,,,
0.7909994,479250,,,,,
0.7511494,479300,,,,,
0.6932159,479350,,,,,
0.75413096,479400,,,,,
0.66643417,479450,,,,,
0.72362626,479500,,,,,
0.8387555,479550,,,,,
0.7036419,479600,,,,,
0.6689378,479650,,,,,
0.777798,479700,,,,,
0.7951241,479750,,,,,
0.708802,479800,,,,,
0.79196125,479850,,,,,
0.75199807,479900,,,,,
0.7758188,479950,,,,,
0.8043688,480000,,,,,
,480000,0.010585068191587926,,,,
,480000,,0.14621612,,,
,480000,,,131.0,,
,480000,,,,3.9956193901598454,
0.8346322,480050,,,,,
0.77278376,480100,,,,,
0.8383249,480150,,,,,
0.6973221,480200,,,,,
0.65540814,480250,,,,,
0.676204,480300,,,,,
0.8338461,480350,,,,,
0.82402647,480400,,,,,
0.6313259,480450,,,,,
0.6870115,480500,,,,,
0.8281252,480550,,,,,
0.7773293,480600,,,,,
0.76695085,480650,,,,,
0.8411104,480700,,,,,
0.81917995,480750,,,,,
0.6639029,480800,,,,,
0.8169708,480850,,,,,
0.8157301,480900,,,,,
0.8147644,480950,,,,,
0.6402056,481000,,,,,
0.7203414,481050,,,,,
0.7569721,481100,,,,,
0.76291,481150,,,,,
0.60264707,481200,,,,,
0.8467711,481250,,,,,
0.7496429,481300,,,,,
0.77079105,481350,,,,,
0.848118,481400,,,,,
0.77461493,481450,,,,,
0.74962676,481500,,,,,
0.85839236,481550,,,,,
0.647697,481600,,,,,
0.72638255,481650,,,,,
0.6674111,481700,,,,,
0.7412498,481750,,,,,
0.7945217,481800,,,,,
0.81736857,481850,,,,,
0.679607,481900,,,,,
0.73975444,481950,,,,,
0.7843031,482000,,,,,
0.7092757,482050,,,,,
0.764803,482100,,,,,
0.7558937,482150,,,,,
0.75091577,482200,,,,,
0.79594606,482250,,,,,
0.7635934,482300,,,,,
0.6566033,482350,,,,,
0.7489741,482400,,,,,
0.70346415,482450,,,,,
0.7392025,482500,,,,,
0.74084586,482550,,,,,
0.7457304,482600,,,,,
0.7401143,482650,,,,,
0.7771468,482700,,,,,
0.7521808,482750,,,,,
0.7514441,482800,,,,,
0.7431965,482850,,,,,
0.74061394,482900,,,,,
0.8966064,482950,,,,,
0.77805626,483000,,,,,
0.6953728,483050,,,,,
0.7291998,483100,,,,,
0.8148874,483150,,,,,
0.8553189,483200,,,,,
0.6496328,483250,,,,,
0.87758094,483300,,,,,
0.74577004,483350,,,,,
0.80846727,483400,,,,,
0.788154,483450,,,,,
0.62565213,483500,,,,,
0.726198,483550,,,,,
0.7212982,483600,,,,,
0.7907012,483650,,,,,
0.86579186,483700,,,,,
0.71566045,483750,,,,,
0.72744304,483800,,,,,
0.6576906,483850,,,,,
0.7999406,483900,,,,,
0.7469045,483950,,,,,
0.8216895,484000,,,,,
0.7103454,484050,,,,,
0.7480023,484100,,,,,
0.691346,484150,,,,,
0.81464213,484200,,,,,
0.75121164,484250,,,,,
0.63373125,484300,,,,,
0.6936942,484350,,,,,
0.7058104,484400,,,,,
0.7506702,484450,,,,,
0.76425076,484500,,,,,
0.7390778,484550,,,,,
0.8239912,484600,,,,,
0.67436814,484650,,,,,
0.752936,484700,,,,,
0.7386042,484750,,,,,
0.669693,484800,,,,,
0.7840643,484850,,,,,
0.6559924,484900,,,,,
0.75979173,484950,,,,,
0.77529246,485000,,,,,
0.7393594,485050,,,,,
0.7506025,485100,,,,,
0.7861217,485150,,,,,
0.69763076,485200,,,,,
0.7242243,485250,,,,,
0.8153199,485300,,,,,
0.6705847,485350,,,,,
0.6611316,485400,,,,,
0.70911837,485450,,,,,
0.7095521,485500,,,,,
0.75959367,485550,,,,,
0.8185072,485600,,,,,
0.790673,485650,,,,,
0.73804665,485700,,,,,
0.7195545,485750,,,,,
0.75581473,485800,,,,,
0.80264616,485850,,,,,
0.7911195,485900,,,,,
0.78559154,485950,,,,,
0.7024675,486000,,,,,
0.7176079,486050,,,,,
0.7667747,486100,,,,,
0.74603796,486150,,,,,
0.7485457,486200,,,,,
0.74088717,486250,,,,,
0.80497235,486300,,,,,
0.69813335,486350,,,,,
0.7765077,486400,,,,,
0.78331333,486450,,,,,
0.80993164,486500,,,,,
0.75761914,486550,,,,,
0.7109213,486600,,,,,
0.72705406,486650,,,,,
0.8579658,486700,,,,,
0.7499579,486750,,,,,
0.8999197,486800,,,,,
0.7999625,486850,,,,,
0.77985865,486900,,,,,
0.7082181,486950,,,,,
0.7220307,487000,,,,,
0.7818849,487050,,,,,
0.700827,487100,,,,,
0.8158414,487150,,,,,
0.7572036,487200,,,,,
0.7125225,487250,,,,,
0.72407526,487300,,,,,
0.69953513,487350,,,,,
0.7111645,487400,,,,,
0.70763856,487450,,,,,
0.77756476,487500,,,,,
0.8780637,487550,,,,,
0.7148342,487600,,,,,
0.8838392,487650,,,,,
0.6995083,487700,,,,,
0.76505756,487750,,,,,
0.744242,487800,,,,,
0.73701507,487850,,,,,
0.7061342,487900,,,,,
0.64416254,487950,,,,,
0.67966974,488000,,,,,
0.8190918,488050,,,,,
0.72571146,488100,,,,,
0.8880745,488150,,,,,
0.72607946,488200,,,,,
0.74778295,488250,,,,,
0.6769382,488300,,,,,
0.8670068,488350,,,,,
0.7849358,488400,,,,,
0.80420715,488450,,,,,
0.7407831,488500,,,,,
0.7657104,488550,,,,,
0.6780147,488600,,,,,
0.79096764,488650,,,,,
0.6460941,488700,,,,,
0.76133347,488750,,,,,
0.8407328,488800,,,,,
0.75161874,488850,,,,,
0.7656436,488900,,,,,
0.85879934,488950,,,,,
0.6723767,489000,,,,,
0.7758607,489050,,,,,
0.7703166,489100,,,,,
0.78932303,489150,,,,,
0.77315503,489200,,,,,
0.7698797,489250,,,,,
0.7932657,489300,,,,,
0.7676732,489350,,,,,
0.7736716,489400,,,,,
0.7610975,489450,,,,,
0.79381377,489500,,,,,
0.7673141,489550,,,,,
0.67863196,489600,,,,,
0.70227915,489650,,,,,
0.8323301,489700,,,,,
0.9016757,489750,,,,,
0.79457784,489800,,,,,
0.8102764,489850,,,,,
0.72002995,489900,,,,,
0.7019624,489950,,,,,
0.72982156,490000,,,,,
,490000,0.010775826333463192,,,,
,490000,,0.15771224,,,
,490000,,,131.0,,
,490000,,,,4.477299340069294,
0.773786,490050,,,,,
0.73548526,490100,,,,,
0.79464245,490150,,,,,
0.722264,490200,,,,,
0.6270723,490250,,,,,
0.81202126,490300,,,,,
0.737276,490350,,,,,
0.771239,490400,,,,,
0.6914399,490450,,,,,
0.82061493,490500,,,,,
0.6929648,490550,,,,,
0.78361803,490600,,,,,
0.8269384,490650,,,,,
0.8155184,490700,,,,,
0.8214723,490750,,,,,
0.6798352,490800,,,,,
0.7466388,490850,,,,,
0.7861519,490900,,,,,
0.8202976,490950,,,,,
0.8145981,491000,,,,,
0.81120753,491050,,,,,
0.8496767,491100,,,,,
0.7206863,491150,,,,,
0.80373627,491200,,,,,
0.71872985,491250,,,,,
0.7849975,491300,,,,,
0.7613779,491350,,,,,
0.72725993,491400,,,,,
0.8186177,491450,,,,,
0.7226143,491500,,,,,
0.6889173,491550,,,,,
0.63159734,491600,,,,,
0.7237747,491650,,,,,
0.8851042,491700,,,,,
0.7261313,491750,,,,,
0.6873728,491800,,,,,
0.7228199,491850,,,,,
0.6999584,491900,,,,,
0.8118758,491950,,,,,
0.7307119,492000,,,,,
0.79846287,492050,,,,,
0.80295825,492100,,,,,
0.7117882,492150,,,,,
0.8604572,492200,,,,,
0.91157764,492250,,,,,
0.6398641,492300,,,,,
0.74032134,492350,,,,,
0.7911667,492400,,,,,
0.79222804,492450,,,,,
0.7475487,492500,,,,,
0.79451096,492550,,,,,
0.75144005,492600,,,,,
0.7651237,492650,,,,,
0.77770245,492700,,,,,
0.8145655,492750,,,,,
0.7987803,492800,,,,,
0.75058466,492850,,,,,
0.83068216,492900,,,,,
0.74259293,492950,,,,,
0.687536,493000,,,,,
0.74087054,493050,,,,,
0.80880654,493100,,,,,
0.72824466,493150,,,,,
0.7711499,493200,,,,,
0.74762964,493250,,,,,
0.6646879,493300,,,,,
0.7826381,493350,,,,,
0.65372014,493400,,,,,
0.8474752,493450,,,,,
0.69701767,493500,,,,,
0.79049516,493550,,,,,
0.90691304,493600,,,,,
0.74787414,493650,,,,,
0.7727288,493700,,,,,
0.62538326,493750,,,,,
0.8220779,493800,,,,,
0.77558225,493850,,,,,
0.83635813,493900,,,,,
0.7465617,493950,,,,,
0.8130696,494000,,,,,
0.7788015,494050,,,,,
0.74866426,494100,,,,,
0.7103561,494150,,,,,
0.8238982,494200,,,,,
0.73553073,494250,,,,,
0.76043123,494300,,,,,
0.6222882,494350,,,,,
0.74002934,494400,,,,,
0.67780554,494450,,,,,
0.7017565,494500,,,,,
0.7851287,494550,,,,,
0.7586775,494600,,,,,
0.6941568,494650,,,,,
0.80253434,494700,,,,,
0.82304275,494750,,,,,
0.71730936,494800,,,,,
0.724069,494850,,,,,
0.8198421,494900,,,,,
0.7095271,494950,,,,,
0.81616956,495000,,,,,
0.7355305,495050,,,,,
0.80698293,495100,,,,,
0.7615699,495150,,,,,
0.70481014,495200,,,,,
0.7576283,495250,,,,,
0.7398144,495300,,,,,
0.7917759,495350,,,,,
0.8297461,495400,,,,,
0.7203691,495450,,,,,
0.74821573,495500,,,,,
0.83696735,495550,,,,,
0.7646749,495600,,,,,
0.7687124,495650,,,,,
0.76108927,495700,,,,,
0.75756526,495750,,,,,
0.6624249,495800,,,,,
0.70869637,495850,,,,,
0.77942127,495900,,,,,
0.7286389,495950,,,,,
0.7983417,496000,,,,,
0.7077201,496050,,,,,
0.84226286,496100,,,,,
0.7551228,496150,,,,,
0.6729615,496200,,,,,
0.58652735,496250,,,,,
0.69656706,496300,,,,,
0.7655418,496350,,,,,
0.7799125,496400,,,,,
0.8264039,496450,,,,,
0.71756077,496500,,,,,
0.7969893,496550,,,,,
0.67644596,496600,,,,,
0.708909,496650,,,,,
0.75271136,496700,,,,,
0.7651376,496750,,,,,
0.7637144,496800,,,,,
0.7287135,496850,,,,,
0.77641225,496900,,,,,
0.7370903,496950,,,,,
0.76114887,497000,,,,,
0.6602243,497050,,,,,
0.691208,497100,,,,,
0.73725736,497150,,,,,
0.73561,497200,,,,,
0.7570616,497250,,,,,
0.84109294,497300,,,,,
0.726464,497350,,,,,
0.7237569,497400,,,,,
0.5991472,497450,,,,,
0.73448575,497500,,,,,
0.70459163,497550,,,,,
0.74103534,497600,,,,,
0.6809173,497650,,,,,
0.71395063,497700,,,,,
0.8539152,497750,,,,,
0.7829803,497800,,,,,
0.77348757,497850,,,,,
0.8031041,497900,,,,,
0.73429966,497950,,,,,
0.76933765,498000,,,,,
0.8630404,498050,,,,,
0.7279533,498100,,,,,
0.71573925,498150,,,,,
0.7652819,498200,,,,,
0.66717845,498250,,,,,
0.7424837,498300,,,,,
0.7792361,498350,,,,,
0.7789543,498400,,,,,
0.6488046,498450,,,,,
0.69901067,498500,,,,,
0.85609144,498550,,,,,
0.6397288,498600,,,,,
0.6909111,498650,,,,,
0.79424953,498700,,,,,
0.78195566,498750,,,,,
0.8059386,498800,,,,,
0.7435522,498850,,,,,
0.78704417,498900,,,,,
0.77545106,498950,,,,,
0.81442773,499000,,,,,
0.7998632,499050,,,,,
0.69433594,499100,,,,,
0.8581325,499150,,,,,
0.7768115,499200,,,,,
0.7572817,499250,,,,,
0.7254326,499300,,,,,
0.82694685,499350,,,,,
0.73290235,499400,,,,,
0.7541733,499450,,,,,
0.82693475,499500,,,,,
0.8181933,499550,,,,,
0.763999,499600,,,,,
0.7527279,499650,,,,,
0.71520996,499700,,,,,
0.7728034,499750,,,,,
0.7634164,499800,,,,,
0.8023862,499850,,,,,
0.7834364,499900,,,,,
0.78472793,499950,,,,,
0.777244,500000,,,,,
,500000,0.011213820624351502,,,,
,500000,,0.15718564,,,
,500000,,,128.0,,
,500000,,,,3.876803856343031,
0.85709393,500050,,,,,
0.78461325,500100,,,,,
0.78045,500150,,,,,
0.6759881,500200,,,,,
0.6912957,500250,,,,,
0.6812477,500300,,,,,
0.715761,500350,,,,,
0.7106943,500400,,,,,
0.7383355,500450,,,,,
0.80418193,500500,,,,,
0.81451535,500550,,,,,
0.78201526,500600,,,,,
0.78547174,500650,,,,,
0.79834574,500700,,,,,
0.83664197,500750,,,,,
0.75182354,500800,,,,,
0.8004266,500850,,,,,
0.7558686,500900,,,,,
0.69753265,500950,,,,,
0.8106452,501000,,,,,
0.7405672,501050,,,,,
0.761979,501100,,,,,
0.7136068,501150,,,,,
0.7312105,501200,,,,,
0.704085,501250,,,,,
0.8600019,501300,,,,,
0.85074455,501350,,,,,
0.83346033,501400,,,,,
0.74224925,501450,,,,,
0.81545746,501500,,,,,
0.79916716,501550,,,,,
0.72782964,501600,,,,,
0.7760435,501650,,,,,
0.82232606,501700,,,,,
0.7675421,501750,,,,,
0.80287635,501800,,,,,
0.78315455,501850,,,,,
0.8592498,501900,,,,,
0.77516085,501950,,,,,
0.79977834,502000,,,,,
0.7223984,502050,,,,,
0.6192377,502100,,,,,
0.85020983,502150,,,,,
0.6941651,502200,,,,,
0.6681555,502250,,,,,
0.7016054,502300,,,,,
0.74941915,502350,,,,,
0.67854565,502400,,,,,
0.6666985,502450,,,,,
0.83552825,502500,,,,,
0.67909837,502550,,,,,
0.7588249,502600,,,,,
0.8035828,502650,,,,,
0.9061081,502700,,,,,
0.82701766,502750,,,,,
0.7066322,502800,,,,,
0.7299484,502850,,,,,
0.7375225,502900,,,,,
0.7265233,502950,,,,,
0.79932487,503000,,,,,
0.7472973,503050,,,,,
0.90896744,503100,,,,,
0.7546785,503150,,,,,
0.7591008,503200,,,,,
0.75209546,503250,,,,,
0.70430875,503300,,,,,
0.75555396,503350,,,,,
0.7569586,503400,,,,,
0.7869402,503450,,,,,
0.764287,503500,,,,,
0.71293306,503550,,,,,
0.8176241,503600,,,,,
0.8160547,503650,,,,,
0.67631054,503700,,,,,
0.73358965,503750,,,,,
0.6847255,503800,,,,,
0.77867347,503850,,,,,
0.7365375,503900,,,,,
0.61897403,503950,,,,,
0.729221,504000,,,,,
0.7543989,504050,,,,,
0.7359432,504100,,,,,
0.86415344,504150,,,,,
0.84183455,504200,,,,,
0.8110322,504250,,,,,
0.72303355,504300,,,,,
0.71080506,504350,,,,,
0.67335236,504400,,,,,
0.7742708,504450,,,,,
0.78646034,504500,,,,,
0.76572955,504550,,,,,
0.7542478,504600,,,,,
0.8384125,504650,,,,,
0.8690465,504700,,,,,
0.7185608,504750,,,,,
0.76086783,504800,,,,,
0.6564341,504850,,,,,
0.86376894,504900,,,,,
0.69178045,504950,,,,,
0.72159743,505000,,,,,
0.85220003,505050,,,,,
0.6916363,505100,,,,,
0.8639316,505150,,,,,
0.8209646,505200,,,,,
0.76303244,505250,,,,,
0.733298,505300,,,,,
0.71174324,505350,,,,,
0.8321668,505400,,,,,
0.78113556,505450,,,,,
0.7106071,505500,,,,,
0.8256908,505550,,,,,
0.7567787,505600,,,,,
0.7960085,505650,,,,,
0.743681,505700,,,,,
0.7454709,505750,,,,,
0.7236219,505800,,,,,
0.6602783,505850,,,,,
0.71610093,505900,,,,,
0.72104645,505950,,,,,
0.7495469,506000,,,,,
0.6373186,506050,,,,,
0.72811425,506100,,,,,
0.7013619,506150,,,,,
0.8019171,506200,,,,,
0.78713334,506250,,,,,
0.6913588,506300,,,,,
0.8519343,506350,,,,,
0.8051636,506400,,,,,
0.7366563,506450,,,,,
0.76892036,506500,,,,,
0.75967777,506550,,,,,
0.86837775,506600,,,,,
0.7178908,506650,,,,,
0.8156164,506700,,,,,
0.7023181,506750,,,,,
0.7697485,506800,,,,,
0.7734438,506850,,,,,
0.7455293,506900,,,,,
0.8248915,506950,,,,,
0.6888902,507000,,,,,
0.66029835,507050,,,,,
0.80134785,507100,,,,,
0.76460123,507150,,,,,
0.74101317,507200,,,,,
0.7884506,507250,,,,,
0.91147184,507300,,,,,
0.7534089,507350,,,,,
0.796877,507400,,,,,
0.8534425,507450,,,,,
0.701818,507500,,,,,
0.8365489,507550,,,,,
0.7540077,507600,,,,,
0.69995224,507650,,,,,
0.7486638,507700,,,,,
0.7103057,507750,,,,,
0.7447898,507800,,,,,
0.865764,507850,,,,,
0.67669404,507900,,,,,
0.78291386,507950,,,,,
0.766343,508000,,,,,
0.6087706,508050,,,,,
0.71842504,508100,,,,,
0.7310078,508150,,,,,
0.8339777,508200,,,,,
0.67886984,508250,,,,,
0.7835557,508300,,,,,
0.77830297,508350,,,,,
0.7418949,508400,,,,,
0.8004747,508450,,,,,
0.7815163,508500,,,,,
0.8185866,508550,,,,,
0.6482272,508600,,,,,
0.7838702,508650,,,,,
0.7732907,508700,,,,,
0.7953729,508750,,,,,
0.6993767,508800,,,,,
0.76919246,508850,,,,,
0.76451206,508900,,,,,
0.6720459,508950,,,,,
0.8263343,509000,,,,,
0.6869277,509050,,,,,
0.7328598,509100,,,,,
0.7642156,509150,,,,,
0.6661128,509200,,,,,
0.83145535,509250,,,,,
0.7119699,509300,,,,,
0.7778297,509350,,,,,
0.73458207,509400,,,,,
0.6835614,509450,,,,,
0.7559024,509500,,,,,
0.91090816,509550,,,,,
0.7797962,509600,,,,,
0.80523616,509650,,,,,
0.81791323,509700,,,,,
0.7593617,509750,,,,,
0.82321453,509800,,,,,
0.8195794,509850,,,,,
0.7674094,509900,,,,,
0.71000063,509950,,,,,
0.77239764,510000,,,,,
,510000,0.011160850609093904,,,,
,510000,,0.15758835,,,
,510000,,,128.0,,
,510000,,,,3.855680301785469,
0.8288396,510050,,,,,
0.74465895,510100,,,,,
0.7365211,510150,,,,,
0.769503,510200,,,,,
0.69406587,510250,,,,,
0.7840495,510300,,,,,
0.80085385,510350,,,,,
0.687347,510400,,,,,
0.7844936,510450,,,,,
0.84061086,510500,,,,,
0.76847667,510550,,,,,
0.6851094,510600,,,,,
0.804675,510650,,,,,
0.8560748,510700,,,,,
0.7217067,510750,,,,,
0.6862142,510800,,,,,
0.8565784,510850,,,,,
0.82923114,510900,,,,,
0.77262235,510950,,,,,
0.7176002,511000,,,,,
0.76480514,511050,,,,,
0.70540315,511100,,,,,
0.75529367,511150,,,,,
0.7557696,511200,,,,,
0.8495189,511250,,,,,
0.7715295,511300,,,,,
0.84873104,511350,,,,,
0.81815386,511400,,,,,
0.76855683,511450,,,,,
0.7300444,511500,,,,,
0.8427524,511550,,,,,
0.83241016,511600,,,,,
0.81275636,511650,,,,,
0.83282495,511700,,,,,
0.76467454,511750,,,,,
0.69119495,511800,,,,,
0.7877066,511850,,,,,
0.7669957,511900,,,,,
0.7234411,511950,,,,,
0.67848694,512000,,,,,
0.7820928,512050,,,,,
0.82741916,512100,,,,,
0.76800025,512150,,,,,
0.772133,512200,,,,,
0.91314137,512250,,,,,
0.7140259,512300,,,,,
0.85563403,512350,,,,,
0.7785284,512400,,,,,
0.72290945,512450,,,,,
0.7438777,512500,,,,,
0.7668674,512550,,,,,
0.73054737,512600,,,,,
0.7197171,512650,,,,,
0.84359586,512700,,,,,
0.80106413,512750,,,,,
0.65716505,512800,,,,,
0.79023623,512850,,,,,
0.84846485,512900,,,,,
0.8764384,512950,,,,,
0.6974036,513000,,,,,
0.70442307,513050,,,,,
0.7585453,513100,,,,,
0.70498574,513150,,,,,
0.77239543,513200,,,,,
0.7777764,513250,,,,,
0.7435597,513300,,,,,
0.8125147,513350,,,,,
0.76286185,513400,,,,,
0.7361912,513450,,,,,
0.68987566,513500,,,,,
0.8022844,513550,,,,,
0.7333557,513600,,,,,
0.80297244,513650,,,,,
0.767254,513700,,,,,
0.7154755,513750,,,,,
0.7373957,513800,,,,,
0.7449577,513850,,,,,
0.7704545,513900,,,,,
0.7277148,513950,,,,,
0.72363746,514000,,,,,
0.74967575,514050,,,,,
0.79809433,514100,,,,,
0.8157438,514150,,,,,
0.84691966,514200,,,,,
0.81459874,514250,,,,,
0.7813461,514300,,,,,
0.73373526,514350,,,,,
0.7353169,514400,,,,,
0.8552737,514450,,,,,
0.69853294,514500,,,,,
0.6859142,514550,,,,,
0.6778525,514600,,,,,
0.80472654,514650,,,,,
0.77979505,514700,,,,,
0.83740544,514750,,,,,
0.71398807,514800,,,,,
0.8330655,514850,,,,,
0.80843973,514900,,,,,
0.7118405,514950,,,,,
0.76267946,515000,,,,,
0.7349595,515050,,,,,
0.7565088,515100,,,,,
0.7730098,515150,,,,,
0.7849321,515200,,,,,
0.7491065,515250,,,,,
0.75015855,515300,,,,,
0.8821349,515350,,,,,
0.8436266,515400,,,,,
0.7281954,515450,,,,,
0.70731866,515500,,,,,
0.74155164,515550,,,,,
0.87021875,515600,,,,,
0.65086144,515650,,,,,
0.6975746,515700,,,,,
0.848074,515750,,,,,
0.62432337,515800,,,,,
0.7083678,515850,,,,,
0.75014514,515900,,,,,
0.69765353,515950,,,,,
0.77427363,516000,,,,,
0.7381107,516050,,,,,
0.8379344,516100,,,,,
0.7824633,516150,,,,,
0.9428274,516200,,,,,
0.7444562,516250,,,,,
0.8276819,516300,,,,,
0.7516464,516350,,,,,
0.8168665,516400,,,,,
0.78436154,516450,,,,,
0.7297828,516500,,,,,
0.6854119,516550,,,,,
0.69072914,516600,,,,,
0.7661972,516650,,,,,
0.6801101,516700,,,,,
0.82746774,516750,,,,,
0.7393533,516800,,,,,
0.7660836,516850,,,,,
0.7102426,516900,,,,,
0.6907497,516950,,,,,
0.7440592,517000,,,,,
0.7166716,517050,,,,,
0.7963626,517100,,,,,
0.79181206,517150,,,,,
0.7617772,517200,,,,,
0.8557155,517250,,,,,
0.7777406,517300,,,,,
0.78388554,517350,,,,,
0.70506155,517400,,,,,
0.7416942,517450,,,,,
0.6775811,517500,,,,,
0.75537986,517550,,,,,
0.7678166,517600,,,,,
0.8381772,517650,,,,,
0.8978362,517700,,,,,
0.788566,517750,,,,,
0.754215,517800,,,,,
0.7990545,517850,,,,,
0.7444135,517900,,,,,
0.6829536,517950,,,,,
0.7825235,518000,,,,,
0.79471433,518050,,,,,
0.7619924,518100,,,,,
0.69396436,518150,,,,,
0.737124,518200,,,,,
0.8272314,518250,,,,,
0.7794297,518300,,,,,
0.7636858,518350,,,,,
0.7846126,518400,,,,,
0.7359414,518450,,,,,
0.8237797,518500,,,,,
0.83817947,518550,,,,,
0.7858952,518600,,,,,
0.8242305,518650,,,,,
0.891532,518700,,,,,
0.7016709,518750,,,,,
0.7902471,518800,,,,,
0.7147174,518850,,,,,
0.7718629,518900,,,,,
0.7424576,518950,,,,,
0.8735498,519000,,,,,
0.7047616,519050,,,,,
0.80992645,519100,,,,,
0.7824454,519150,,,,,
0.6950092,519200,,,,,
0.76656735,519250,,,,,
0.783903,519300,,,,,
0.7454423,519350,,,,,
0.6534096,519400,,,,,
0.86189395,519450,,,,,
0.80132717,519500,,,,,
0.70548964,519550,,,,,
0.69128245,519600,,,,,
0.7283664,519650,,,,,
0.77330935,519700,,,,,
0.6814508,519750,,,,,
0.78916216,519800,,,,,
0.8299382,519850,,,,,
0.71639264,519900,,,,,
0.7863132,519950,,,,,
0.7634719,520000,,,,,
,520000,0.011088431759178638,,,,
,520000,,0.16050993,,,
,520000,,,131.0,,
,520000,,,,3.945020128041506,
0.76266754,520050,,,,,
0.7290762,520100,,,,,
0.8901597,520150,,,,,
0.8973278,520200,,,,,
0.74812865,520250,,,,,
0.6992088,520300,,,,,
0.8025167,520350,,,,,
0.7407117,520400,,,,,
0.65337545,520450,,,,,
0.8021946,520500,,,,,
0.8070183,520550,,,,,
0.8371575,520600,,,,,
0.6311001,520650,,,,,
0.71639144,520700,,,,,
0.7212626,520750,,,,,
0.8123243,520800,,,,,
0.76471287,520850,,,,,
0.7196051,520900,,,,,
0.7466541,520950,,,,,
0.7024989,521000,,,,,
0.8146007,521050,,,,,
0.8045243,521100,,,,,
0.64635086,521150,,,,,
0.7324606,521200,,,,,
0.76792806,521250,,,,,
0.80842,521300,,,,,
0.8044474,521350,,,,,
0.81684625,521400,,,,,
0.8956808,521450,,,,,
0.7464206,521500,,,,,
0.78864384,521550,,,,,
0.75126445,521600,,,,,
0.6744942,521650,,,,,
0.8149804,521700,,,,,
0.75873196,521750,,,,,
0.79413366,521800,,,,,
0.8143357,521850,,,,,
0.8017535,521900,,,,,
0.73869646,521950,,,,,
0.7693469,522000,,,,,
0.615847,522050,,,,,
0.7292838,522100,,,,,
0.8736265,522150,,,,,
0.6534472,522200,,,,,
0.7123033,522250,,,,,
0.8502737,522300,,,,,
0.87414193,522350,,,,,
0.8526806,522400,,,,,
0.7624446,522450,,,,,
0.7333744,522500,,,,,
0.7537799,522550,,,,,
0.68756497,522600,,,,,
0.88300306,522650,,,,,
0.6739123,522700,,,,,
0.8403291,522750,,,,,
0.7403478,522800,,,,,
0.7546041,522850,,,,,
0.6475182,522900,,,,,
0.84769136,522950,,,,,
0.773512,523000,,,,,
0.6858802,523050,,,,,
0.77497506,523100,,,,,
0.7300986,523150,,,,,
0.8092394,523200,,,,,
0.7664968,523250,,,,,
0.7618567,523300,,,,,
0.7254853,523350,,,,,
0.71717066,523400,,,,,
0.7736544,523450,,,,,
0.7790514,523500,,,,,
0.711217,523550,,,,,
0.8081756,523600,,,,,
0.6570691,523650,,,,,
0.7442937,523700,,,,,
0.76267326,523750,,,,,
0.7838882,523800,,,,,
0.80486184,523850,,,,,
0.78523433,523900,,,,,
0.7737226,523950,,,,,
0.7085229,524000,,,,,
0.80390525,524050,,,,,
0.7747717,524100,,,,,
0.7620605,524150,,,,,
0.7661607,524200,,,,,
0.71225846,524250,,,,,
0.75583255,524300,,,,,
0.6674366,524350,,,,,
0.71735036,524400,,,,,
0.7447258,524450,,,,,
0.69943,524500,,,,,
0.72630847,524550,,,,,
0.782786,524600,,,,,
0.7209058,524650,,,,,
0.7709964,524700,,,,,
0.74244785,524750,,,,,
0.73483473,524800,,,,,
0.93556756,524850,,,,,
0.812049,524900,,,,,
0.7586293,524950,,,,,
0.7196388,525000,,,,,
0.68391025,525050,,,,,
0.7336662,525100,,,,,
0.75669825,525150,,,,,
0.78829455,525200,,,,,
0.65772355,525250,,,,,
0.7767765,525300,,,,,
0.7802424,525350,,,,,
0.79333615,525400,,,,,
0.8135361,525450,,,,,
0.7416977,525500,,,,,
0.7595271,525550,,,,,
0.86386526,525600,,,,,
0.7206508,525650,,,,,
0.7776488,525700,,,,,
0.7361841,525750,,,,,
0.77849436,525800,,,,,
0.7016948,525850,,,,,
0.779469,525900,,,,,
0.8089352,525950,,,,,
0.770267,526000,,,,,
0.7820605,526050,,,,,
0.7922846,526100,,,,,
0.7863251,526150,,,,,
0.77449775,526200,,,,,
0.7250252,526250,,,,,
0.71558213,526300,,,,,
0.67648715,526350,,,,,
0.8713178,526400,,,,,
0.66875494,526450,,,,,
0.7815615,526500,,,,,
0.87563175,526550,,,,,
0.7932223,526600,,,,,
0.71922505,526650,,,,,
0.8479289,526700,,,,,
0.81121683,526750,,,,,
0.78793204,526800,,,,,
0.70346904,526850,,,,,
0.90252936,526900,,,,,
0.75787276,526950,,,,,
0.8016454,527000,,,,,
0.74092436,527050,,,,,
0.77188206,527100,,,,,
0.8387648,527150,,,,,
0.75826424,527200,,,,,
0.7860266,527250,,,,,
0.72529554,527300,,,,,
0.6744401,527350,,,,,
0.7757331,527400,,,,,
0.75210667,527450,,,,,
0.75159466,527500,,,,,
0.7938639,527550,,,,,
0.6945151,527600,,,,,
0.81655836,527650,,,,,
0.78123486,527700,,,,,
0.81496805,527750,,,,,
0.85673535,527800,,,,,
0.8903701,527850,,,,,
0.8170688,527900,,,,,
0.7624888,527950,,,,,
0.7347888,528000,,,,,
0.7822632,528050,,,,,
0.7441303,528100,,,,,
0.7304145,528150,,,,,
0.71405536,528200,,,,,
0.70171374,528250,,,,,
0.6811858,528300,,,,,
0.7756618,528350,,,,,
0.7985314,528400,,,,,
0.6941466,528450,,,,,
0.6819904,528500,,,,,
0.66587096,528550,,,,,
0.8955215,528600,,,,,
0.7654952,528650,,,,,
0.7307569,528700,,,,,
0.8476678,528750,,,,,
0.8862693,528800,,,,,
0.76738465,528850,,,,,
0.75966585,528900,,,,,
0.63190126,528950,,,,,
0.68576854,529000,,,,,
0.7356001,529050,,,,,
0.80056775,529100,,,,,
0.70678526,529150,,,,,
0.7679307,529200,,,,,
0.7386945,529250,,,,,
0.75726247,529300,,,,,
0.68463564,529350,,,,,
0.85085714,529400,,,,,
0.80191416,529450,,,,,
0.9020128,529500,,,,,
0.8102281,529550,,,,,
0.7327773,529600,,,,,
0.6837549,529650,,,,,
0.80883056,529700,,,,,
0.8098269,529750,,,,,
0.79647934,529800,,,,,
0.65137434,529850,,,,,
0.7108496,529900,,,,,
0.71990824,529950,,,,,
0.8374107,530000,,,,,
,530000,0.011008660972118377,,,,
,530000,,0.15346204,,,
,530000,,,128.0,,
,530000,,,,4.234113648533821,
0.8016318,530050,,,,,
0.69313025,530100,,,,,
0.7813614,530150,,,,,
0.72686726,530200,,,,,
0.83506864,530250,,,,,
0.7831878,530300,,,,,
0.72103345,530350,,,,,
0.7751051,530400,,,,,
0.8194087,530450,,,,,
0.81528807,530500,,,,,
0.7488768,530550,,,,,
0.68913156,530600,,,,,
0.73541075,530650,,,,,
0.7569265,530700,,,,,
0.8049102,530750,,,,,
0.7550238,530800,,,,,
0.7788275,530850,,,,,
0.8096746,530900,,,,,
0.734151,530950,,,,,
0.7131165,531000,,,,,
0.8750916,531050,,,,,
0.7522549,531100,,,,,
0.8051151,531150,,,,,
0.79440683,531200,,,,,
0.74486166,531250,,,,,
0.7036593,531300,,,,,
0.7931971,531350,,,,,
0.71827406,531400,,,,,
0.69521606,531450,,,,,
0.7194303,531500,,,,,
0.65529156,531550,,,,,
0.7252976,531600,,,,,
0.7539302,531650,,,,,
0.85744107,531700,,,,,
0.676667,531750,,,,,
0.71778756,531800,,,,,
0.71517694,531850,,,,,
0.7742691,531900,,,,,
0.7400611,531950,,,,,
0.81234187,532000,,,,,
0.8122159,532050,,,,,
0.78223187,532100,,,,,
0.64787614,532150,,,,,
0.79406184,532200,,,,,
0.6663716,532250,,,,,
0.7581787,532300,,,,,
0.72032166,532350,,,,,
0.74640924,532400,,,,,
0.88115096,532450,,,,,
0.74535036,532500,,,,,
0.7912514,532550,,,,,
0.81271183,532600,,,,,
0.8049408,532650,,,,,
0.74429137,532700,,,,,
0.7474422,532750,,,,,
0.6604097,532800,,,,,
0.7097512,532850,,,,,
0.74843335,532900,,,,,
0.70589876,532950,,,,,
0.7349778,533000,,,,,
0.797151,533050,,,,,
0.7131124,533100,,,,,
0.7661275,533150,,,,,
0.83539325,533200,,,,,
0.6343491,533250,,,,,
0.76300323,533300,,,,,
0.6581845,533350,,,,,
0.6558763,533400,,,,,
0.6506431,533450,,,,,
0.8327683,533500,,,,,
0.74602604,533550,,,,,
0.77203673,533600,,,,,
0.8305096,533650,,,,,
0.6774628,533700,,,,,
0.72614753,533750,,,,,
0.6863065,533800,,,,,
0.784874,533850,,,,,
0.79952556,533900,,,,,
0.67623484,533950,,,,,
0.7454343,534000,,,,,
0.7079551,534050,,,,,
0.8138836,534100,,,,,
0.63855696,534150,,,,,
0.74965113,534200,,,,,
0.8066663,534250,,,,,
0.72502875,534300,,,,,
0.80735743,534350,,,,,
0.79710805,534400,,,,,
0.68906415,534450,,,,,
0.66760314,534500,,,,,
0.73912907,534550,,,,,
0.81666744,534600,,,,,
0.7644948,534650,,,,,
0.6570174,534700,,,,,
0.7765342,534750,,,,,
0.85097206,534800,,,,,
0.7257589,534850,,,,,
0.7643999,534900,,,,,
0.7908463,534950,,,,,
0.7420902,535000,,,,,
0.87613654,535050,,,,,
0.7324198,535100,,,,,
0.728137,535150,,,,,
0.840847,535200,,,,,
0.7883246,535250,,,,,
0.618092,535300,,,,,
0.74194485,535350,,,,,
0.7765404,535400,,,,,
0.8712016,535450,,,,,
0.738251,535500,,,,,
0.7564502,535550,,,,,
0.7887446,535600,,,,,
0.7626427,535650,,,,,
0.8219576,535700,,,,,
0.7486444,535750,,,,,
0.7388745,535800,,,,,
0.86343277,535850,,,,,
0.7220921,535900,,,,,
0.8402884,535950,,,,,
0.75019765,536000,,,,,
0.84076333,536050,,,,,
0.7167115,536100,,,,,
0.7566532,536150,,,,,
0.74067634,536200,,,,,
0.72906005,536250,,,,,
0.6619328,536300,,,,,
0.7768495,536350,,,,,
0.84168684,536400,,,,,
0.8616783,536450,,,,,
0.6478887,536500,,,,,
0.7097696,536550,,,,,
0.79099137,536600,,,,,
0.78903645,536650,,,,,
0.7921675,536700,,,,,
0.8614291,536750,,,,,
0.82667834,536800,,,,,
0.7515234,536850,,,,,
0.79980636,536900,,,,,
0.74606043,536950,,,,,
0.7287792,537000,,,,,
0.77878034,537050,,,,,
0.76775575,537100,,,,,
0.65929765,537150,,,,,
0.69273055,537200,,,,,
0.72202665,537250,,,,,
0.7535439,537300,,,,,
0.76713556,537350,,,,,
0.80671126,537400,,,,,
0.83725166,537450,,,,,
0.7259681,537500,,,,,
0.7837143,537550,,,,,
0.8294003,537600,,,,,
0.9581249,537650,,,,,
0.83315384,537700,,,,,
0.8340566,537750,,,,,
0.70122224,537800,,,,,
0.7712085,537850,,,,,
0.71013457,537900,,,,,
0.81547856,537950,,,,,
0.77452415,538000,,,,,
0.82491505,538050,,,,,
0.68986166,538100,,,,,
0.81312555,538150,,,,,
0.77898425,538200,,,,,
0.7567747,538250,,,,,
0.86895335,538300,,,,,
0.7815454,538350,,,,,
0.8154055,538400,,,,,
0.7507294,538450,,,,,
0.7190287,538500,,,,,
0.7893855,538550,,,,,
0.75249064,538600,,,,,
0.7118993,538650,,,,,
0.80980194,538700,,,,,
0.7286749,538750,,,,,
0.8194646,538800,,,,,
0.7030275,538850,,,,,
0.7115259,538900,,,,,
0.73959714,538950,,,,,
0.7518401,539000,,,,,
0.81883544,539050,,,,,
0.76580465,539100,,,,,
0.705824,539150,,,,,
0.7728163,539200,,,,,
0.76777023,539250,,,,,
0.74529344,539300,,,,,
0.6753212,539350,,,,,
0.81300557,539400,,,,,
0.6573998,539450,,,,,
0.6640543,539500,,,,,
0.7818397,539550,,,,,
0.7176876,539600,,,,,
0.748321,539650,,,,,
0.7441987,539700,,,,,
0.6709906,539750,,,,,
0.8125454,539800,,,,,
0.7281792,539850,,,,,
0.8420664,539900,,,,,
0.7362592,539950,,,,,
0.6875824,540000,,,,,
,540000,0.011104344122856855,,,,
,540000,,0.16195013,,,
,540000,,,131.0,,
,540000,,,,3.930496372282505,
0.74093366,540050,,,,,
0.707095,540100,,,,,
0.7636037,540150,,,,,
0.6810298,540200,,,,,
0.73872995,540250,,,,,
0.85429937,540300,,,,,
0.7916242,540350,,,,,
0.7636115,540400,,,,,
0.83713025,540450,,,,,
0.85523534,540500,,,,,
0.7641786,540550,,,,,
0.6501443,540600,,,,,
0.6851876,540650,,,,,
0.7172079,540700,,,,,
0.75347877,540750,,,,,
0.7721895,540800,,,,,
0.7937303,540850,,,,,
0.72528195,540900,,,,,
0.77701414,540950,,,,,
0.7443772,541000,,,,,
0.78927785,541050,,,,,
0.7502297,541100,,,,,
0.7094976,541150,,,,,
0.6917193,541200,,,,,
0.7942464,541250,,,,,
0.85085654,541300,,,,,
0.7909522,541350,,,,,
0.8000405,541400,,,,,
0.7071854,541450,,,,,
0.7624689,541500,,,,,
0.77454484,541550,,,,,
0.7227602,541600,,,,,
0.7133585,541650,,,,,
0.7181947,541700,,,,,
0.6882771,541750,,,,,
0.78058195,541800,,,,,
0.6791147,541850,,,,,
0.72797364,541900,,,,,
0.6691975,541950,,,,,
0.7891049,542000,,,,,
0.76322764,542050,,,,,
0.7824837,542100,,,,,
0.7309738,542150,,,,,
0.7388066,542200,,,,,
0.7284103,542250,,,,,
0.76834214,542300,,,,,
0.8166785,542350,,,,,
0.699455,542400,,,,,
0.76566195,542450,,,,,
0.7340065,542500,,,,,
0.6870157,542550,,,,,
0.79924375,542600,,,,,
0.7975498,542650,,,,,
0.79922533,542700,,,,,
0.8004888,542750,,,,,
0.7058732,542800,,,,,
0.6907542,542850,,,,,
0.7686189,542900,,,,,
0.7376068,542950,,,,,
0.71523154,543000,,,,,
0.70303607,543050,,,,,
0.8032255,543100,,,,,
0.6814336,543150,,,,,
0.7393204,543200,,,,,
0.7439869,543250,,,,,
0.8117014,543300,,,,,
0.7730428,543350,,,,,
0.77363217,543400,,,,,
0.76721776,543450,,,,,
0.75673735,543500,,,,,
0.84442073,543550,,,,,
0.7293422,543600,,,,,
0.8417522,543650,,,,,
0.7689796,543700,,,,,
0.7903991,543750,,,,,
0.7966983,543800,,,,,
0.82132494,543850,,,,,
0.76196194,543900,,,,,
0.7724837,543950,,,,,
0.72927046,544000,,,,,
0.7661764,544050,,,,,
0.799351,544100,,,,,
0.71148014,544150,,,,,
0.80824643,544200,,,,,
0.7351318,544250,,,,,
0.8769808,544300,,,,,
0.75997645,544350,,,,,
0.7442161,544400,,,,,
0.6796507,544450,,,,,
0.7119805,544500,,,,,
0.74051625,544550,,,,,
0.850559,544600,,,,,
0.70545685,544650,,,,,
0.7248296,544700,,,,,
0.75716424,544750,,,,,
0.7714155,544800,,,,,
0.7557975,544850,,,,,
0.78437424,544900,,,,,
0.7114954,544950,,,,,
0.89141494,545000,,,,,
0.75076807,545050,,,,,
0.7659802,545100,,,,,
0.7399674,545150,,,,,
0.8293728,545200,,,,,
0.7205038,545250,,,,,
0.7968743,545300,,,,,
0.82848716,545350,,,,,
0.7176995,545400,,,,,
0.74264336,545450,,,,,
0.8164209,545500,,,,,
0.69581866,545550,,,,,
0.7711289,545600,,,,,
0.6953365,545650,,,,,
0.7434846,545700,,,,,
0.73391646,545750,,,,,
0.7432148,545800,,,,,
0.79921496,545850,,,,,
0.7928057,545900,,,,,
0.687322,545950,,,,,
0.69607407,546000,,,,,
0.7134328,546050,,,,,
0.76728356,546100,,,,,
0.76263773,546150,,,,,
0.7957785,546200,,,,,
0.7539618,546250,,,,,
0.6742571,546300,,,,,
0.84528476,546350,,,,,
0.73282903,546400,,,,,
0.76306915,546450,,,,,
0.8502307,546500,,,,,
0.70141286,546550,,,,,
0.8117149,546600,,,,,
0.7449154,546650,,,,,
0.74686277,546700,,,,,
0.7566364,546750,,,,,
0.6700125,546800,,,,,
0.6091327,546850,,,,,
0.7501021,546900,,,,,
0.7172946,546950,,,,,
0.82734334,547000,,,,,
0.75154865,547050,,,,,
0.8663655,547100,,,,,
0.75206405,547150,,,,,
0.7086339,547200,,,,,
0.7680472,547250,,,,,
0.75984687,547300,,,,,
0.80497384,547350,,,,,
0.82959545,547400,,,,,
0.8014231,547450,,,,,
0.7780661,547500,,,,,
0.70243776,547550,,,,,
0.6416731,547600,,,,,
0.79891187,547650,,,,,
0.7440402,547700,,,,,
0.7997416,547750,,,,,
0.7362865,547800,,,,,
0.7284827,547850,,,,,
0.7783067,547900,,,,,
0.7065294,547950,,,,,
0.9487248,548000,,,,,
0.72728586,548050,,,,,
0.85406476,548100,,,,,
0.76689714,548150,,,,,
0.7314172,548200,,,,,
0.77514744,548250,,,,,
0.71316993,548300,,,,,
0.79092944,548350,,,,,
0.6788741,548400,,,,,
0.8314098,548450,,,,,
0.8948111,548500,,,,,
0.6502978,548550,,,,,
0.7300871,548600,,,,,
0.6932046,548650,,,,,
0.6895006,548700,,,,,
0.6950887,548750,,,,,
0.7319571,548800,,,,,
0.71625316,548850,,,,,
0.86255246,548900,,,,,
0.8122483,548950,,,,,
0.8472642,549000,,,,,
0.6342626,549050,,,,,
0.8510183,549100,,,,,
0.7607233,549150,,,,,
0.7802017,549200,,,,,
0.8488104,549250,,,,,
0.71454966,549300,,,,,
0.7459687,549350,,,,,
0.6992256,549400,,,,,
0.79945064,549450,,,,,
0.8398807,549500,,,,,
0.7524928,549550,,,,,
0.8313086,549600,,,,,
0.7996384,549650,,,,,
0.74406046,549700,,,,,
0.74417657,549750,,,,,
0.7117063,549800,,,,,
0.7477825,549850,,,,,
0.74892974,549900,,,,,
0.70792484,549950,,,,,
0.6560862,550000,,,,,
,550000,0.011204146913066506,,,,
,550000,,0.15978345,,,
,550000,,,128.0,,
,550000,,,,4.003178082406521,
0.7702522,550050,,,,,
0.79389447,550100,,,,,
0.8073282,550150,,,,,
0.7973763,550200,,,,,
0.7072653,550250,,,,,
0.824308,550300,,,,,
0.8277171,550350,,,,,
0.7274301,550400,,,,,
0.6248175,550450,,,,,
0.70060897,550500,,,,,
0.7577776,550550,,,,,
0.7141735,550600,,,,,
0.6812335,550650,,,,,
0.7149284,550700,,,,,
0.75236547,550750,,,,,
0.7751583,550800,,,,,
0.71693134,550850,,,,,
0.6300338,550900,,,,,
0.7010939,550950,,,,,
0.86419946,551000,,,,,
0.71896,551050,,,,,
0.79943615,551100,,,,,
0.72267115,551150,,,,,
0.7336017,551200,,,,,
0.82556415,551250,,,,,
0.6888687,551300,,,,,
0.73941785,551350,,,,,
0.7427913,551400,,,,,
0.8234986,551450,,,,,
0.73700047,551500,,,,,
0.7422551,551550,,,,,
0.79329115,551600,,,,,
0.6758573,551650,,,,,
0.77489233,551700,,,,,
0.71864176,551750,,,,,
0.84375644,551800,,,,,
0.7388912,551850,,,,,
0.7007232,551900,,,,,
0.7995746,551950,,,,,
0.6218692,552000,,,,,
0.7016647,552050,,,,,
0.8166436,552100,,,,,
0.7951167,552150,,,,,
0.7549697,552200,,,,,
0.7280688,552250,,,,,
0.69105697,552300,,,,,
0.77870715,552350,,,,,
0.89793587,552400,,,,,
0.8389316,552450,,,,,
0.73390347,552500,,,,,
0.91734034,552550,,,,,
0.7367682,552600,,,,,
0.7509055,552650,,,,,
0.75234556,552700,,,,,
0.80507433,552750,,,,,
0.7580043,552800,,,,,
0.7236786,552850,,,,,
0.6660374,552900,,,,,
0.79293764,552950,,,,,
0.75459546,553000,,,,,
0.7915552,553050,,,,,
0.70120126,553100,,,,,
0.72986865,553150,,,,,
0.7974258,553200,,,,,
0.71474934,553250,,,,,
0.7599802,553300,,,,,
0.80021894,553350,,,,,
0.73573434,553400,,,,,
0.8130098,553450,,,,,
0.7825602,553500,,,,,
0.84791684,553550,,,,,
0.75465935,553600,,,,,
0.8011157,553650,,,,,
0.7760326,553700,,,,,
0.709248,553750,,,,,
0.6999567,553800,,,,,
0.7314512,553850,,,,,
0.73852086,553900,,,,,
0.72141564,553950,,,,,
0.7230368,554000,,,,,
0.7800722,554050,,,,,
0.72669065,554100,,,,,
0.7592094,554150,,,,,
0.7389243,554200,,,,,
0.80846703,554250,,,,,
0.7921473,554300,,,,,
0.77313673,554350,,,,,
0.78407365,554400,,,,,
0.71984917,554450,,,,,
0.7914954,554500,,,,,
0.7790072,554550,,,,,
0.6558083,554600,,,,,
0.69671345,554650,,,,,
0.70449793,554700,,,,,
0.7495226,554750,,,,,
0.7319929,554800,,,,,
0.8383456,554850,,,,,
0.7890638,554900,,,,,
0.6412507,554950,,,,,
0.83889174,555000,,,,,
0.89247334,555050,,,,,
0.7701676,555100,,,,,
0.65510607,555150,,,,,
0.8442911,555200,,,,,
0.8085,555250,,,,,
0.8033816,555300,,,,,
0.7266018,555350,,,,,
0.7116156,555400,,,,,
0.7149823,555450,,,,,
0.7566123,555500,,,,,
0.7239994,555550,,,,,
0.8159771,555600,,,,,
0.77988493,555650,,,,,
0.694051,555700,,,,,
0.88500535,555750,,,,,
0.63710403,555800,,,,,
0.7773766,555850,,,,,
0.7485322,555900,,,,,
0.78938764,555950,,,,,
0.79397655,556000,,,,,
0.79980737,556050,,,,,
0.78950846,556100,,,,,
0.64806163,556150,,,,,
0.7140299,556200,,,,,
0.7122991,556250,,,,,
0.6823741,556300,,,,,
0.8208276,556350,,,,,
0.8005755,556400,,,,,
0.7140573,556450,,,,,
0.7084676,556500,,,,,
0.7782656,556550,,,,,
0.82613575,556600,,,,,
0.69975346,556650,,,,,
0.8219409,556700,,,,,
0.7187133,556750,,,,,
0.7925623,556800,,,,,
0.8203882,556850,,,,,
0.7317125,556900,,,,,
0.7374772,556950,,,,,
0.8056896,557000,,,,,
0.7667036,557050,,,,,
0.7991123,557100,,,,,
0.791444,557150,,,,,
0.7654835,557200,,,,,
0.76871574,557250,,,,,
0.80873466,557300,,,,,
0.63185275,557350,,,,,
0.76293474,557400,,,,,
0.74811715,557450,,,,,
0.65428865,557500,,,,,
0.75469685,557550,,,,,
0.701087,557600,,,,,
0.6763066,557650,,,,,
0.6468594,557700,,,,,
0.69669896,557750,,,,,
0.7115031,557800,,,,,
0.7780475,557850,,,,,
0.90918493,557900,,,,,
0.73318243,557950,,,,,
0.7576644,558000,,,,,
0.8198677,558050,,,,,
0.782401,558100,,,,,
0.8579941,558150,,,,,
0.8166936,558200,,,,,
0.75689876,558250,,,,,
0.8139921,558300,,,,,
0.7611905,558350,,,,,
0.7817102,558400,,,,,
0.807161,558450,,,,,
0.7267693,558500,,,,,
0.87491316,558550,,,,,
0.7834207,558600,,,,,
0.60044104,558650,,,,,
0.87112314,558700,,,,,
0.8300457,558750,,,,,
0.76960707,558800,,,,,
0.77988505,558850,,,,,
0.71169364,558900,,,,,
0.80170333,558950,,,,,
0.8168136,559000,,,,,
0.82635415,559050,,,,,
0.8104669,559100,,,,,
0.6993396,559150,,,,,
0.8260721,559200,,,,,
0.74899095,559250,,,,,
0.6876572,559300,,,,,
0.8301918,559350,,,,,
0.7115621,559400,,,,,
0.74334216,559450,,,,,
0.7333325,559500,,,,,
0.7762694,559550,,,,,
0.8065368,559600,,,,,
0.79913956,559650,,,,,
0.63404316,559700,,,,,
0.7571087,559750,,,,,
0.85610163,559800,,,,,
0.7336397,559850,,,,,
0.8173243,559900,,,,,
0.78128994,559950,,,,,
0.7685847,560000,,,,,
,560000,0.011080376695469022,,,,
,560000,,0.16152309,,,
,560000,,,128.0,,
,560000,,,,3.8949884362518787,
0.77698684,560050,,,,,
0.7458998,560100,,,,,
0.6791896,560150,,,,,
0.72534585,560200,,,,,
0.8000498,560250,,,,,
0.74533623,560300,,,,,
0.80013555,560350,,,,,
0.7948874,560400,,,,,
0.71600634,560450,,,,,
0.69050264,560500,,,,,
0.7086307,560550,,,,,
0.72660553,560600,,,,,
0.87031525,560650,,,,,
0.75154513,560700,,,,,
0.7315507,560750,,,,,
0.7816709,560800,,,,,
0.7559855,560850,,,,,
0.70463806,560900,,,,,
0.68667716,560950,,,,,
0.7839303,561000,,,,,
0.8165133,561050,,,,,
0.6507404,561100,,,,,
0.7253214,561150,,,,,
0.64873946,561200,,,,,
0.76885444,561250,,,,,
0.7247317,561300,,,,,
0.7354956,561350,,,,,
0.8044404,561400,,,,,
0.8472018,561450,,,,,
0.8125951,561500,,,,,
0.88235676,561550,,,,,
0.81726193,561600,,,,,
0.75464976,561650,,,,,
0.77152145,561700,,,,,
0.7134069,561750,,,,,
0.6830162,561800,,,,,
0.8495381,561850,,,,,
0.7496717,561900,,,,,
0.8200091,561950,,,,,
0.8002157,562000,,,,,
0.7286744,562050,,,,,
0.7680509,562100,,,,,
0.79475117,562150,,,,,
0.7918285,562200,,,,,
0.82260036,562250,,,,,
0.8229861,562300,,,,,
0.7651665,562350,,,,,
0.83658004,562400,,,,,
0.747347,562450,,,,,
0.7814632,562500,,,,,
0.7585548,562550,,,,,
0.83382773,562600,,,,,
0.7537254,562650,,,,,
0.8467394,562700,,,,,
0.75142765,562750,,,,,
0.7278143,562800,,,,,
0.75430214,562850,,,,,
0.8087311,562900,,,,,
0.80569786,562950,,,,,
0.8057958,563000,,,,,
0.7829963,563050,,,,,
0.76347256,563100,,,,,
0.7752085,563150,,,,,
0.71851873,563200,,,,,
0.8227264,563250,,,,,
0.83719945,563300,,,,,
0.77170837,563350,,,,,
0.8788722,563400,,,,,
0.8067019,563450,,,,,
0.819806,563500,,,,,
0.8403324,563550,,,,,
0.7343706,563600,,,,,
0.7562613,563650,,,,,
0.81722665,563700,,,,,
0.7618951,563750,,,,,
0.8566103,563800,,,,,
0.70312166,563850,,,,,
0.67378336,563900,,,,,
0.7106028,563950,,,,,
0.7247177,564000,,,,,
0.8009741,564050,,,,,
0.6874317,564100,,,,,
0.8717416,564150,,,,,
0.81616795,564200,,,,,
0.7280873,564250,,,,,
0.7713959,564300,,,,,
0.84115577,564350,,,,,
0.8243964,564400,,,,,
0.80086374,564450,,,,,
0.89153385,564500,,,,,
0.72499806,564550,,,,,
0.79763407,564600,,,,,
0.7489032,564650,,,,,
0.7425445,564700,,,,,
0.70049554,564750,,,,,
0.7534119,564800,,,,,
0.818516,564850,,,,,
0.75446874,564900,,,,,
0.9080169,564950,,,,,
0.74390334,565000,,,,,
0.83758545,565050,,,,,
0.7648607,565100,,,,,
0.7830094,565150,,,,,
0.74220204,565200,,,,,
0.66040564,565250,,,,,
0.7327235,565300,,,,,
0.681902,565350,,,,,
0.6823875,565400,,,,,
0.80554473,565450,,,,,
0.8007845,565500,,,,,
0.772806,565550,,,,,
0.76996005,565600,,,,,
0.75897264,565650,,,,,
0.7587367,565700,,,,,
0.68746495,565750,,,,,
0.71190774,565800,,,,,
0.7305092,565850,,,,,
0.74898803,565900,,,,,
0.854315,565950,,,,,
0.7406068,566000,,,,,
0.72161216,566050,,,,,
0.71440834,566100,,,,,
0.7173093,566150,,,,,
0.8157267,566200,,,,,
0.7609176,566250,,,,,
0.8752856,566300,,,,,
0.7263564,566350,,,,,
0.732502,566400,,,,,
0.6925013,566450,,,,,
0.79541934,566500,,,,,
0.87048745,566550,,,,,
0.6803194,566600,,,,,
0.72524,566650,,,,,
0.762222,566700,,,,,
0.8522485,566750,,,,,
0.7820414,566800,,,,,
0.6600288,566850,,,,,
0.85229456,566900,,,,,
0.861998,566950,,,,,
0.6965042,567000,,,,,
0.7248294,567050,,,,,
0.7134604,567100,,,,,
0.7738674,567150,,,,,
0.731536,567200,,,,,
0.7815589,567250,,,,,
0.88584244,567300,,,,,
0.7789565,567350,,,,,
0.7021483,567400,,,,,
0.70976126,567450,,,,,
0.6611968,567500,,,,,
0.8593483,567550,,,,,
0.7683913,567600,,,,,
0.72656775,567650,,,,,
0.7344408,567700,,,,,
0.73343563,567750,,,,,
0.8036129,567800,,,,,
0.67527646,567850,,,,,
0.77597505,567900,,,,,
0.6825716,567950,,,,,
0.7801945,568000,,,,,
0.64685374,568050,,,,,
0.77898765,568100,,,,,
0.77924407,568150,,,,,
0.8977531,568200,,,,,
0.718373,568250,,,,,
0.77789474,568300,,,,,
0.7341355,568350,,,,,
0.7818419,568400,,,,,
0.78226054,568450,,,,,
0.7427287,568500,,,,,
0.74407774,568550,,,,,
0.72777903,568600,,,,,
0.83837616,568650,,,,,
0.676472,568700,,,,,
0.77853906,568750,,,,,
0.7741419,568800,,,,,
0.7680401,568850,,,,,
0.7724688,568900,,,,,
0.8104155,568950,,,,,
0.66652215,569000,,,,,
0.74117976,569050,,,,,
0.63790864,569100,,,,,
0.7466812,569150,,,,,
0.7646204,569200,,,,,
0.817369,569250,,,,,
0.8995573,569300,,,,,
0.801261,569350,,,,,
0.7308121,569400,,,,,
0.7262211,569450,,,,,
0.84432447,569500,,,,,
0.63046503,569550,,,,,
0.7268417,569600,,,,,
0.8821514,569650,,,,,
0.76258516,569700,,,,,
0.7197974,569750,,,,,
0.7865943,569800,,,,,
0.7508719,569850,,,,,
0.6827508,569900,,,,,
0.7942523,569950,,,,,
0.7677561,570000,,,,,
,570000,0.011133423599973321,,,,
,570000,,0.15958548,,,
,570000,,,125.0,,
,570000,,,,3.8490233905613422,
0.68870604,570050,,,,,
0.77557904,570100,,,,,
0.68602335,570150,,,,,
0.648981,570200,,,,,
0.76403797,570250,,,,,
0.7216007,570300,,,,,
0.6959808,570350,,,,,
0.7367555,570400,,,,,
0.7534391,570450,,,,,
0.6859515,570500,,,,,
0.84526545,570550,,,,,
0.81200445,570600,,,,,
0.78363395,570650,,,,,
0.6789272,570700,,,,,
0.7664648,570750,,,,,
0.7003877,570800,,,,,
0.7917285,570850,,,,,
0.73030204,570900,,,,,
0.8047815,570950,,,,,
0.7709606,571000,,,,,
0.67602,571050,,,,,
0.7196547,571100,,,,,
0.7760583,571150,,,,,
0.69701755,571200,,,,,
0.8123284,571250,,,,,
0.7583971,571300,,,,,
0.76219904,571350,,,,,
0.73502755,571400,,,,,
0.7011956,571450,,,,,
0.7827138,571500,,,,,
0.71317244,571550,,,,,
0.7186581,571600,,,,,
0.666304,571650,,,,,
0.7778883,571700,,,,,
0.722276,571750,,,,,
0.7938179,571800,,,,,
0.8445984,571850,,,,,
0.7981858,571900,,,,,
0.70989215,571950,,,,,
0.7381312,572000,,,,,
0.73609537,572050,,,,,
0.7062273,572100,,,,,
0.7773206,572150,,,,,
0.7563722,572200,,,,,
0.7456573,572250,,,,,
0.68720317,572300,,,,,
0.7372552,572350,,,,,
0.78815436,572400,,,,,
0.7339656,572450,,,,,
0.79306114,572500,,,,,
0.7424177,572550,,,,,
0.78307164,572600,,,,,
0.7331072,572650,,,,,
0.8149528,572700,,,,,
0.7743027,572750,,,,,
0.74272573,572800,,,,,
0.7519237,572850,,,,,
0.8726425,572900,,,,,
0.74036217,572950,,,,,
0.67853224,573000,,,,,
0.71064496,573050,,,,,
0.75253314,573100,,,,,
0.7626678,573150,,,,,
0.8008333,573200,,,,,
0.7137228,573250,,,,,
0.7873353,573300,,,,,
0.823707,573350,,,,,
0.73481214,573400,,,,,
0.8012396,573450,,,,,
0.75444627,573500,,,,,
0.7986648,573550,,,,,
0.787867,573600,,,,,
0.74257064,573650,,,,,
0.74472225,573700,,,,,
0.7033699,573750,,,,,
0.78212625,573800,,,,,
0.780203,573850,,,,,
0.74038905,573900,,,,,
0.6802088,573950,,,,,
0.7177379,574000,,,,,
0.724227,574050,,,,,
0.7813346,574100,,,,,
0.7956136,574150,,,,,
0.7165699,574200,,,,,
0.7898867,574250,,,,,
0.7227522,574300,,,,,
0.8036798,574350,,,,,
0.68613833,574400,,,,,
0.7235608,574450,,,,,
0.73535043,574500,,,,,
0.67806655,574550,,,,,
0.7062346,574600,,,,,
0.74535453,574650,,,,,
0.80431116,574700,,,,,
0.6557496,574750,,,,,
0.76525927,574800,,,,,
0.7720381,574850,,,,,
0.85824585,574900,,,,,
0.82451814,574950,,,,,
0.6910577,575000,,,,,
0.7530825,575050,,,,,
0.7328194,575100,,,,,
0.7580256,575150,,,,,
0.8020605,575200,,,,,
0.7982301,575250,,,,,
0.7994841,575300,,,,,
0.7626664,575350,,,,,
0.8388654,575400,,,,,
0.67039514,575450,,,,,
0.8265742,575500,,,,,
0.78031635,575550,,,,,
0.80480134,575600,,,,,
0.6834335,575650,,,,,
0.7842209,575700,,,,,
0.7315296,575750,,,,,
0.6886085,575800,,,,,
0.71976614,575850,,,,,
0.76262844,575900,,,,,
0.71959716,575950,,,,,
0.80537915,576000,,,,,
0.70095694,576050,,,,,
0.7272224,576100,,,,,
0.69501543,576150,,,,,
0.77152574,576200,,,,,
0.81748855,576250,,,,,
0.70144343,576300,,,,,
0.79316115,576350,,,,,
0.8231993,576400,,,,,
0.67104596,576450,,,,,
0.75059783,576500,,,,,
0.82889897,576550,,,,,
0.689814,576600,,,,,
0.65584016,576650,,,,,
0.7062502,576700,,,,,
0.91015923,576750,,,,,
0.6688612,576800,,,,,
0.78560126,576850,,,,,
0.6407498,576900,,,,,
0.78195554,576950,,,,,
0.77105117,577000,,,,,
0.7654628,577050,,,,,
0.7451772,577100,,,,,
0.80844396,577150,,,,,
0.84178454,577200,,,,,
0.84807324,577250,,,,,
0.81769556,577300,,,,,
0.7574585,577350,,,,,
0.82328385,577400,,,,,
0.7536516,577450,,,,,
0.7465292,577500,,,,,
0.7887716,577550,,,,,
0.69868577,577600,,,,,
0.72026163,577650,,,,,
0.6844373,577700,,,,,
0.7821083,577750,,,,,
0.80096215,577800,,,,,
0.7373289,577850,,,,,
0.6330977,577900,,,,,
0.9020834,577950,,,,,
0.680153,578000,,,,,
0.63065004,578050,,,,,
0.86840343,578100,,,,,
0.7849791,578150,,,,,
0.7296779,578200,,,,,
0.7903496,578250,,,,,
0.78357166,578300,,,,,
0.77917045,578350,,,,,
0.8153294,578400,,,,,
0.709144,578450,,,,,
0.7724341,578500,,,,,
0.7270032,578550,,,,,
0.7732713,578600,,,,,
0.7083549,578650,,,,,
0.7669933,578700,,,,,
0.7528904,578750,,,,,
0.71521795,578800,,,,,
0.7222528,578850,,,,,
0.9472778,578900,,,,,
0.7097447,578950,,,,,
0.73176205,579000,,,,,
0.7542543,579050,,,,,
0.79363024,579100,,,,,
0.81223875,579150,,,,,
0.6414802,579200,,,,,
0.76105374,579250,,,,,
0.72138166,579300,,,,,
0.7538387,579350,,,,,
0.76027226,579400,,,,,
0.7587403,579450,,,,,
0.76957035,579500,,,,,
0.75390977,579550,,,,,
0.76832634,579600,,,,,
0.74847376,579650,,,,,
0.726843,579700,,,,,
0.76201296,579750,,,,,
0.7327273,579800,,,,,
0.74113095,579850,,,,,
0.71201795,579900,,,,,
0.801963,579950,,,,,
0.78532445,580000,,,,,
,580000,0.011074388004094363,,,,
,580000,,0.1584385,,,
,580000,,,128.0,,
,580000,,,,4.119070004671812,
0.7018527,580050,,,,,
0.67836964,580100,,,,,
0.7607918,580150,,,,,
0.7186937,580200,,,,,
0.6784437,580250,,,,,
0.7784444,580300,,,,,
0.6582618,580350,,,,,
0.8539279,580400,,,,,
0.83741724,580450,,,,,
0.7857522,580500,,,,,
0.5900157,580550,,,,,
0.7157335,580600,,,,,
0.76335645,580650,,,,,
0.7950125,580700,,,,,
0.80567586,580750,,,,,
0.78911066,580800,,,,,
0.78278184,580850,,,,,
0.72456545,580900,,,,,
0.74990904,580950,,,,,
0.7417719,581000,,,,,
0.7691553,581050,,,,,
0.8136876,581100,,,,,
0.81365335,581150,,,,,
0.86441976,581200,,,,,
0.7852293,581250,,,,,
0.7535138,581300,,,,,
0.6512211,581350,,,,,
0.6060312,581400,,,,,
0.67860913,581450,,,,,
0.7462894,581500,,,,,
0.7361952,581550,,,,,
0.7058555,581600,,,,,
0.64936423,581650,,,,,
0.74197793,581700,,,,,
0.69937885,581750,,,,,
0.7225622,581800,,,,,
0.7550223,581850,,,,,
0.7790352,581900,,,,,
0.8004357,581950,,,,,
0.73343456,582000,,,,,
0.7801694,582050,,,,,
0.712888,582100,,,,,
0.7969874,582150,,,,,
0.7772537,582200,,,,,
0.6997104,582250,,,,,
0.88466877,582300,,,,,
0.8061208,582350,,,,,
0.7986753,582400,,,,,
0.7034086,582450,,,,,
0.7636897,582500,,,,,
0.7450546,582550,,,,,
0.8122599,582600,,,,,
0.82385814,582650,,,,,
0.83019644,582700,,,,,
0.86150914,582750,,,,,
0.6991817,582800,,,,,
0.7015717,582850,,,,,
0.7188139,582900,,,,,
0.73766494,582950,,,,,
0.7300553,583000,,,,,
0.7030095,583050,,,,,
0.6992677,583100,,,,,
0.7699657,583150,,,,,
0.75278836,583200,,,,,
0.7317736,583250,,,,,
0.73788106,583300,,,,,
0.8493469,583350,,,,,
0.6987124,583400,,,,,
0.7300296,583450,,,,,
0.7568084,583500,,,,,
0.7232566,583550,,,,,
0.6949017,583600,,,,,
0.72357243,583650,,,,,
0.6648877,583700,,,,,
0.84061396,583750,,,,,
0.7370862,583800,,,,,
0.74075294,583850,,,,,
0.7489184,583900,,,,,
0.67443526,583950,,,,,
0.71766293,584000,,,,,
0.77111083,584050,,,,,
0.8045851,584100,,,,,
0.72207165,584150,,,,,
0.6810616,584200,,,,,
0.7855376,584250,,,,,
0.723034,584300,,,,,
0.77823806,584350,,,,,
0.77416706,584400,,,,,
0.7533401,584450,,,,,
0.7656773,584500,,,,,
0.885455,584550,,,,,
0.82926893,584600,,,,,
0.7152662,584650,,,,,
0.7218947,584700,,,,,
0.73536503,584750,,,,,
0.7687042,584800,,,,,
0.7132205,584850,,,,,
0.7582858,584900,,,,,
0.77646035,584950,,,,,
0.9023145,585000,,,,,
0.7054302,585050,,,,,
0.7178887,585100,,,,,
0.7230979,585150,,,,,
0.78538567,585200,,,,,
0.71733,585250,,,,,
0.8588858,585300,,,,,
0.7193341,585350,,,,,
0.6909992,585400,,,,,
0.7552507,585450,,,,,
0.6267308,585500,,,,,
0.71799284,585550,,,,,
0.9262224,585600,,,,,
0.7875604,585650,,,,,
0.7543467,585700,,,,,
0.7207985,585750,,,,,
0.72371197,585800,,,,,
0.7916055,585850,,,,,
0.7295535,585900,,,,,
0.67686903,585950,,,,,
0.74041355,586000,,,,,
0.7482039,586050,,,,,
0.6846261,586100,,,,,
0.78475064,586150,,,,,
0.7333188,586200,,,,,
0.73461664,586250,,,,,
0.82916486,586300,,,,,
0.75409734,586350,,,,,
0.840873,586400,,,,,
0.82446885,586450,,,,,
0.7533611,586500,,,,,
0.65161,586550,,,,,
0.68862736,586600,,,,,
0.6888388,586650,,,,,
0.7268284,586700,,,,,
0.6746634,586750,,,,,
0.789117,586800,,,,,
0.89560866,586850,,,,,
0.80926764,586900,,,,,
0.7190206,586950,,,,,
0.78582495,587000,,,,,
0.80329037,587050,,,,,
0.75355005,587100,,,,,
0.6804445,587150,,,,,
0.79860866,587200,,,,,
0.80013883,587250,,,,,
0.782179,587300,,,,,
0.791294,587350,,,,,
0.84802043,587400,,,,,
0.70735085,587450,,,,,
0.80128837,587500,,,,,
0.7108437,587550,,,,,
0.7089597,587600,,,,,
0.7682942,587650,,,,,
0.71949947,587700,,,,,
0.6631779,587750,,,,,
0.84900856,587800,,,,,
0.78113043,587850,,,,,
0.7902464,587900,,,,,
0.9370227,587950,,,,,
0.8070601,588000,,,,,
0.7419425,588050,,,,,
0.76897794,588100,,,,,
0.69529074,588150,,,,,
0.6344129,588200,,,,,
0.77049476,588250,,,,,
0.6876452,588300,,,,,
0.7646427,588350,,,,,
0.7365148,588400,,,,,
0.7162339,588450,,,,,
0.9014281,588500,,,,,
0.6792931,588550,,,,,
0.78209835,588600,,,,,
0.67503107,588650,,,,,
0.80187213,588700,,,,,
0.7876651,588750,,,,,
0.71339065,588800,,,,,
0.68874764,588850,,,,,
0.8272532,588900,,,,,
0.6636181,588950,,,,,
0.7784753,589000,,,,,
0.8438429,589050,,,,,
0.79140985,589100,,,,,
0.7252985,589150,,,,,
0.90352535,589200,,,,,
0.87356544,589250,,,,,
0.7175752,589300,,,,,
0.72600317,589350,,,,,
0.76232195,589400,,,,,
0.7720202,589450,,,,,
0.81943613,589500,,,,,
0.79428613,589550,,,,,
0.7708554,589600,,,,,
0.832065,589650,,,,,
0.74386555,589700,,,,,
0.71234995,589750,,,,,
0.7745349,589800,,,,,
0.77978647,589850,,,,,
0.715193,589900,,,,,
0.7877404,589950,,,,,
0.7168789,590000,,,,,
,590000,0.011103518231213094,,,,
,590000,,0.16002294,,,
,590000,,,128.0,,
,590000,,,,3.8448840491473675,
0.8337014,590050,,,,,
0.6422513,590100,,,,,
0.8008574,590150,,,,,
0.77617264,590200,,,,,
0.7690783,590250,,,,,
0.7162664,590300,,,,,
0.65632594,590350,,,,,
0.74954665,590400,,,,,
0.68640375,590450,,,,,
0.8121238,590500,,,,,
0.71784115,590550,,,,,
0.7085069,590600,,,,,
0.7920035,590650,,,,,
0.7959037,590700,,,,,
0.8563496,590750,,,,,
0.7833121,590800,,,,,
0.72056174,590850,,,,,
0.65949774,590900,,,,,
0.65861017,590950,,,,,
0.75819767,591000,,,,,
0.72889435,591050,,,,,
0.7910131,591100,,,,,
0.8869895,591150,,,,,
0.6648147,591200,,,,,
0.75503033,591250,,,,,
0.8209735,591300,,,,,
0.8077284,591350,,,,,
0.75912094,591400,,,,,
0.803316,591450,,,,,
0.7726202,591500,,,,,
0.8377691,591550,,,,,
0.8095201,591600,,,,,
0.66828895,591650,,,,,
0.7741824,591700,,,,,
0.7452873,591750,,,,,
0.74494916,591800,,,,,
0.8191513,591850,,,,,
0.87138915,591900,,,,,
0.7350348,591950,,,,,
0.696324,592000,,,,,
0.79275537,592050,,,,,
0.6831176,592100,,,,,
0.7686413,592150,,,,,
0.7436158,592200,,,,,
0.8263367,592250,,,,,
0.7092779,592300,,,,,
0.67819464,592350,,,,,
0.79242,592400,,,,,
0.84002864,592450,,,,,
0.7375338,592500,,,,,
0.82938194,592550,,,,,
0.82840663,592600,,,,,
0.7049718,592650,,,,,
0.7170608,592700,,,,,
0.83378863,592750,,,,,
0.76712275,592800,,,,,
0.7898997,592850,,,,,
0.7847866,592900,,,,,
0.7646152,592950,,,,,
0.8929412,593000,,,,,
0.79272234,593050,,,,,
0.81597865,593100,,,,,
0.68892246,593150,,,,,
0.77930224,593200,,,,,
0.7904583,593250,,,,,
0.8005438,593300,,,,,
0.7695424,593350,,,,,
0.77067375,593400,,,,,
0.6984901,593450,,,,,
0.8620087,593500,,,,,
0.80712146,593550,,,,,
0.86978316,593600,,,,,
0.75380707,593650,,,,,
0.73278284,593700,,,,,
0.7213294,593750,,,,,
0.7003496,593800,,,,,
0.7262294,593850,,,,,
0.7274078,593900,,,,,
0.7064055,593950,,,,,
0.7891504,594000,,,,,
0.8234626,594050,,,,,
0.71490705,594100,,,,,
0.7736181,594150,,,,,
0.77144194,594200,,,,,
0.7188227,594250,,,,,
0.76226723,594300,,,,,
0.74348056,594350,,,,,
0.65933365,594400,,,,,
0.838761,594450,,,,,
0.6856267,594500,,,,,
0.72143984,594550,,,,,
0.7564648,594600,,,,,
0.77556086,594650,,,,,
0.56903267,594700,,,,,
0.72151375,594750,,,,,
0.75354946,594800,,,,,
0.7158221,594850,,,,,
0.7567149,594900,,,,,
0.7184787,594950,,,,,
0.8069034,595000,,,,,
0.7101497,595050,,,,,
0.6933756,595100,,,,,
0.7682549,595150,,,,,
0.6938269,595200,,,,,
0.85963535,595250,,,,,
0.73539394,595300,,,,,
0.77011025,595350,,,,,
0.77207136,595400,,,,,
0.84387434,595450,,,,,
0.80125,595500,,,,,
0.7024153,595550,,,,,
0.83981186,595600,,,,,
0.8248007,595650,,,,,
0.674653,595700,,,,,
0.6907983,595750,,,,,
0.7633138,595800,,,,,
0.7628008,595850,,,,,
0.8903543,595900,,,,,
0.84520316,595950,,,,,
0.7998548,596000,,,,,
0.8391869,596050,,,,,
0.63882387,596100,,,,,
0.7268947,596150,,,,,
0.82919824,596200,,,,,
0.84148896,596250,,,,,
0.70897746,596300,,,,,
0.8828114,596350,,,,,
0.7537529,596400,,,,,
0.7481972,596450,,,,,
0.72789866,596500,,,,,
0.77187353,596550,,,,,
0.7708273,596600,,,,,
0.76466894,596650,,,,,
0.81304514,596700,,,,,
0.7714366,596750,,,,,
0.70001453,596800,,,,,
0.7410694,596850,,,,,
0.76080275,596900,,,,,
0.799477,596950,,,,,
0.7027434,597000,,,,,
0.79974085,597050,,,,,
0.7970245,597100,,,,,
0.79645264,597150,,,,,
0.7467856,597200,,,,,
0.7576651,597250,,,,,
0.83517885,597300,,,,,
0.6732701,597350,,,,,
0.76148343,597400,,,,,
0.8576709,597450,,,,,
0.7582802,597500,,,,,
0.7922264,597550,,,,,
0.6582119,597600,,,,,
0.8291134,597650,,,,,
0.708799,597700,,,,,
0.8914382,597750,,,,,
0.7831656,597800,,,,,
0.8695735,597850,,,,,
0.7181625,597900,,,,,
0.79768884,597950,,,,,
0.7890262,598000,,,,,
0.75757194,598050,,,,,
0.7300643,598100,,,,,
0.7349069,598150,,,,,
0.7452148,598200,,,,,
0.76903236,598250,,,,,
0.73505616,598300,,,,,
0.75510776,598350,,,,,
0.6845246,598400,,,,,
0.8362058,598450,,,,,
0.72555655,598500,,,,,
0.75258124,598550,,,,,
0.7815334,598600,,,,,
0.77409863,598650,,,,,
0.706359,598700,,,,,
0.8835008,598750,,,,,
0.77463293,598800,,,,,
0.8173174,598850,,,,,
0.6538621,598900,,,,,
0.8732728,598950,,,,,
0.85325146,599000,,,,,
0.72152495,599050,,,,,
0.7090017,599100,,,,,
0.76270443,599150,,,,,
0.7649031,599200,,,,,
0.80653155,599250,,,,,
0.7599318,599300,,,,,
0.69718426,599350,,,,,
0.81564,599400,,,,,
0.77709186,599450,,,,,
0.72092164,599500,,,,,
0.7835227,599550,,,,,
0.8987026,599600,,,,,
0.79875,599650,,,,,
0.79282665,599700,,,,,
0.78363335,599750,,,,,
0.6849718,599800,,,,,
0.69364756,599850,,,,,
0.82654977,599900,,,,,
0.73132044,599950,,,,,
,599999,,,,,6210.138359233737
